constructorId,constructor_name,car_starts,races,seasons,first_season,last_season,wins,podiums,cumulative_points,avg_grid,avg_finish,avg_position_gain,finishes,dnfs,mechanical_dnfs,finish_rate,dnf_rate,mechanical_dnf_rate,paper_reliability_score
1,McLaren,658,329,16,2010,2025,39,122,4248.0,8.923780487804878,9.279635258358663,-0.375,548,110,66,0.8328267477203647,0.16717325227963525,0.10030395136778116,0.5299731769696213
3,Williams,657,329,16,2010,2025,1,19,1159.0,13.242612752721618,13.296803652968036,-0.0015552099533437014,528,129,60,0.8036529680365296,0.1963470319634703,0.091324200913242,0.1445948474830017
4,Renault,276,138,7,2010,2020,0,8,695.0,11.712727272727273,12.144927536231885,-0.4290909090909091,211,65,36,0.7644927536231884,0.23550724637681159,0.13043478260869565,0.08670700517746865
5,Toro Rosso,396,198,10,2010,2019,0,2,444.0,13.354591836734693,13.159090909090908,0.2193877551020408,303,93,59,0.7651515151515151,0.23484848484848486,0.14898989898989898,0.055392676688915225
6,Ferrari,658,329,16,2010,2025,38,208,6454.5,6.044410413476263,6.8465045592705165,-0.7381316998468607,575,83,31,0.8738601823708206,0.12613981762917933,0.04711246200607903,0.8052523236229805
9,Red Bull,658,329,16,2010,2025,124,278,7826.5,5.610852713178295,6.308510638297872,-0.5953488372093023,568,90,49,0.8632218844984803,0.13677811550151975,0.07446808510638298,0.9764206849229617
10,Force India,354,177,9,2010,2018,0,5,1085.0,11.073446327683616,10.940677966101696,0.1327683615819209,292,62,22,0.8248587570621468,0.1751412429378531,0.062146892655367235,0.1353627347015158
15,Sauber,450,225,11,2010,2025,0,5,436.0,14.745495495495495,14.162222222222223,0.6216216216216216,345,105,48,0.7666666666666667,0.23333333333333334,0.10666666666666667,0.05439461044226811
51,Alfa Romeo,208,104,5,2019,2023,0,0,147.0,14.030150753768844,13.384615384615385,0.628140703517588,180,28,14,0.8653846153846154,0.1346153846153846,0.0673076923076923,0.01833946728214085
117,Aston Martin,227,114,5,2021,2025,0,9,572.0,11.912844036697248,11.48898678414097,0.5275229357798165,194,33,11,0.8546255506607929,0.14537444933920704,0.048458149779735685,0.07136173663526917
131,Mercedes,658,329,16,2010,2025,122,293,8015.5,5.117737003058104,6.003039513677812,-0.8700305810397554,592,66,35,0.8996960486322189,0.10030395136778116,0.05319148936170213,1.0
164,HRT,116,58,3,2010,2012,0,0,0.0,22.553571428571427,19.853448275862068,2.830357142857143,80,36,21,0.6896551724137931,0.3103448275862069,0.1810344827586207,0.0
166,Virgin,76,38,2,2010,2011,0,0,0.0,21.223684210526315,19.0,2.223684210526316,51,25,18,0.6710526315789473,0.32894736842105265,0.23684210526315788,0.0
205,Lotus,76,38,2,2010,2011,0,0,0.0,18.776315789473685,17.973684210526315,0.8026315789473685,50,26,21,0.6578947368421053,0.34210526315789475,0.27631578947368424,0.0
206,Marussia,109,55,3,2012,2014,0,0,2.0,19.97222222222222,17.642201834862384,2.388888888888889,92,17,11,0.8440366972477065,0.1559633027522936,0.10091743119266056,0.0002495165616617803
207,Caterham,112,56,3,2012,2014,0,0,0.0,19.232142857142858,17.464285714285715,1.7678571428571428,87,25,20,0.7767857142857143,0.22321428571428573,0.17857142857142858,0.0
208,Lotus F1,154,77,4,2012,2015,2,25,706.0,10.818181818181818,11.311688311688311,-0.4935064935064935,112,42,21,0.7272727272727273,0.2727272727272727,0.13636363636363635,0.08807934626660845
209,Manor Marussia,78,39,2,2015,2016,0,0,1.0,18.5974025974026,16.923076923076923,1.7142857142857142,66,12,7,0.8461538461538461,0.15384615384615385,0.08974358974358974,0.00012475828083089016
210,Haas F1 Team,428,214,10,2016,2025,0,0,366.0,13.753623188405797,13.990654205607477,-0.17391304347826086,348,80,35,0.8130841121495327,0.18691588785046728,0.08177570093457943,0.04566153078410579
211,Racing Point,76,38,2,2019,2020,1,4,283.0,11.466666666666667,10.631578947368421,0.8266666666666667,63,13,8,0.8289473684210527,0.17105263157894737,0.10526315789473684,0.03530659347514191
213,AlphaTauri,166,83,4,2020,2023,1,2,306.0,12.0,12.373493975903614,-0.24050632911392406,139,27,14,0.8373493975903614,0.16265060240963855,0.08433734939759036,0.03817603393425239
214,Alpine F1 Team,228,114,5,2021,2025,1,6,518.0,12.058823529411764,12.092105263157896,0.05429864253393665,193,35,17,0.8464912280701754,0.15350877192982457,0.07456140350877193,0.0646247894704011
215,RB F1 Team,96,48,2,2024,2025,0,1,128.0,11.382978723404255,12.802083333333334,-1.4042553191489362,82,14,7,0.8541666666666666,0.14583333333333334,0.07291666666666667,0.01596905994635394
