driverId,driver_name,starts,seasons,first_season,last_season,wins,podiums,cumulative_points,avg_points_per_start,avg_grid,avg_finish,avg_position_gain,finishes,dnfs,mechanical_dnfs,finish_rate,dnf_rate,mechanical_dnf_rate,paper_reliability_score
1,Lewis Hamilton,328,16,2010,2025,94,175,4699.5,14.327743902439025,4.506134969325154,5.076219512195122,-0.5368098159509203,297,31,15,0.9054878048780488,0.09451219512195122,0.04573170731707317,1.0
2,Nick Heidfeld,16,2,2010,2011,0,1,40.0,2.5,13.375,12.375,1.0,12,4,0,0.75,0.25,0.0,0.008511543781253324
3,Nico Rosberg,136,7,2010,2016,23,55,1519.0,11.169117647058824,4.860294117647059,6.6838235294117645,-1.8235294117647058,121,15,8,0.8897058823529411,0.11029411764705882,0.058823529411764705,0.323225875093095
4,Fernando Alonso,288,14,2010,2025,11,53,1803.0,6.260416666666667,9.192307692307692,9.309027777777779,-0.10139860139860139,234,54,35,0.8125,0.1875,0.12152777777777778,0.38365783593999364
5,Heikki Kovalainen,60,4,2010,2013,0,0,0.0,0.0,18.183333333333334,16.9,1.2833333333333334,48,12,9,0.8,0.2,0.15,0.0
8,Kimi Räikkönen,195,10,2012,2021,3,41,1294.0,6.635897435897436,8.652631578947368,8.76923076923077,0.04736842105263158,170,25,13,0.8717948717948718,0.1282051282051282,0.06666666666666667,0.2753484413235451
9,Robert Kubica,42,3,2010,2021,0,3,137.0,3.261904761904762,12.820512820512821,12.952380952380953,0.15384615384615385,37,5,5,0.8809523809523809,0.11904761904761904,0.11904761904761904,0.029152037450792638
10,Timo Glock,58,3,2010,2012,0,0,0.0,0.0,20.43859649122807,18.56896551724138,1.9649122807017543,42,16,10,0.7241379310344828,0.27586206896551724,0.1724137931034483,0.0
13,Felipe Massa,155,8,2010,2017,0,13,847.0,5.464516129032258,8.376623376623376,9.251612903225807,-0.8051948051948052,135,20,8,0.8709677419354839,0.12903225806451613,0.05161290322580645,0.18023193956803915
15,Jarno Trulli,37,2,2010,2011,0,0,0.0,0.0,19.027027027027028,18.7027027027027,0.32432432432432434,22,15,13,0.5945945945945946,0.40540540540540543,0.35135135135135137,0.0
16,Adrian Sutil,76,4,2010,2014,0,0,118.0,1.5526315789473684,12.776315789473685,13.118421052631579,-0.34210526315789475,57,19,8,0.75,0.25,0.10526315789473684,0.02510905415469731
17,Mark Webber,77,4,2010,2013,7,32,878.0,11.402597402597403,4.48051948051948,6.259740259740259,-1.7792207792207793,67,10,1,0.8701298701298701,0.12987012987012986,0.012987012987012988,0.18682838599851048
18,Jenson Button,137,8,2010,2017,8,26,908.0,6.627737226277373,9.489051094890511,9.394160583941606,0.0948905109489051,113,24,17,0.8248175182481752,0.17518248175182483,0.12408759124087591,0.19321204383445048
20,Sebastian Vettel,257,13,2010,2022,48,113,2973.0,11.568093385214008,5.850980392156862,6.5408560311284045,-0.615686274509804,225,32,16,0.8754863813229572,0.1245136186770428,0.0622568093385214,0.6326204915416533
22,Rubens Barrichello,38,2,2010,2011,0,0,51.0,1.3421052631578947,12.131578947368421,12.710526315789474,-0.5789473684210527,33,5,4,0.868421052631579,0.13157894736842105,0.10526315789473684,0.010852218321097989
24,Vitantonio Liuzzi,37,2,2010,2011,0,0,21.0,0.5675675675675675,18.47222222222222,17.62162162162162,1.0,25,12,5,0.6756756756756757,0.32432432432432434,0.13513513513513514,0.004468560485157995
29,Sakon Yamamoto,7,1,2010,2010,0,0,0.0,0.0,22.714285714285715,18.714285714285715,4.0,6,1,1,0.8571428571428571,0.14285714285714285,0.14285714285714285,0.0
30,Michael Schumacher,58,3,2010,2012,0,1,197.0,3.396551724137931,9.96551724137931,12.086206896551724,-2.1206896551724137,44,14,7,0.7586206896551724,0.2413793103448276,0.1206896551724138,0.04191935312267262
32,Christian Klien,3,1,2010,2010,0,0,0.0,0.0,23.0,20.666666666666668,2.3333333333333335,2,1,1,0.6666666666666666,0.3333333333333333,0.3333333333333333,0.0
37,Pedro de la Rosa,35,3,2010,2012,0,0,6.0,0.17142857142857143,18.647058823529413,18.37142857142857,0.4117647058823529,23,12,7,0.6571428571428571,0.34285714285714286,0.2,0.0012767315671879987
39,Narain Karthikeyan,29,2,2011,2012,0,0,0.0,0.0,23.074074074074073,20.79310344827586,2.5185185185185186,20,9,3,0.6896551724137931,0.3103448275862069,0.10344827586206896,0.0
67,Sébastien Buemi,38,2,2010,2011,0,0,23.0,0.6052631578947368,14.68421052631579,14.289473684210526,0.39473684210526316,27,11,5,0.7105263157894737,0.2894736842105263,0.13157894736842105,0.004894137674220662
153,Jaime Alguersuari,38,2,2010,2011,0,0,31.0,0.8157894736842105,14.947368421052632,13.236842105263158,1.7105263157894737,32,6,3,0.8421052631578947,0.15789473684210525,0.07894736842105263,0.006596446430471327
154,Romain Grosjean,174,9,2012,2020,0,10,391.0,2.2471264367816093,11.668604651162791,13.011494252873563,-1.3255813953488371,125,49,22,0.7183908045977011,0.28160919540229884,0.12643678160919541,0.08320034046175125
155,Kamui Kobayashi,74,4,2010,2014,0,1,122.0,1.6486486486486487,14.324324324324325,14.14864864864865,0.17567567567567569,51,23,13,0.6891891891891891,0.3108108108108108,0.17567567567567569,0.025960208532822642
807,Nico Hülkenberg,254,14,2010,2025,0,1,614.0,2.4173228346456694,11.06425702811245,12.007874015748031,-0.8674698795180723,203,51,21,0.7992125984251969,0.20078740157480315,0.08267716535433071,0.13065219704223854
808,Vitaly Petrov,58,3,2010,2012,0,1,64.0,1.103448275862069,14.60344827586207,14.362068965517242,0.2413793103448276,45,13,6,0.7758620689655172,0.22413793103448276,0.10344827586206896,0.01361847005000532
810,Lucas di Grassi,19,1,2010,2010,0,0,0.0,0.0,22.05263157894737,19.31578947368421,2.736842105263158,11,8,7,0.5789473684210527,0.42105263157894735,0.3684210526315789,0.0
811,Bruno Senna,46,3,2010,2012,0,0,33.0,0.717391304347826,16.91304347826087,15.695652173913043,1.2173913043478262,32,14,8,0.6956521739130435,0.30434782608695654,0.17391304347826086,0.007022023619533993
812,Karun Chandhok,11,2,2010,2011,0,0,0.0,0.0,23.0,18.181818181818183,4.818181818181818,7,4,2,0.6363636363636364,0.36363636363636365,0.18181818181818182,0.0
813,Pastor Maldonado,96,5,2011,2015,1,1,76.0,0.7916666666666666,14.166666666666666,15.010416666666666,-0.84375,64,32,19,0.6666666666666666,0.3333333333333333,0.19791666666666666,0.01617193318438132
814,Paul di Resta,59,4,2011,2017,0,0,121.0,2.0508474576271185,12.11864406779661,11.847457627118644,0.2711864406779661,48,11,4,0.8135593220338984,0.1864406779661017,0.06779661016949153,0.025747419938291306
815,Sergio Pérez,283,14,2011,2024,6,39,1585.0,5.6007067137809186,9.751824817518248,9.332155477031803,0.5291970802919708,242,41,17,0.8551236749116607,0.14487632508833923,0.06007067137809187,0.337269922332163
816,Jérôme d'Ambrosio,20,2,2011,2012,0,0,0.0,0.0,21.55,18.35,3.2,17,3,2,0.85,0.15,0.1,0.0
817,Daniel Ricciardo,257,14,2011,2024,8,32,1320.0,5.136186770428016,9.98828125,10.206225680933851,-0.19140625,217,40,28,0.8443579766536965,0.1556420233463035,0.10894941634241245,0.2808809447813597
818,Jean-Éric Vergne,58,3,2012,2014,0,0,51.0,0.8793103448275862,14.068965517241379,13.982758620689655,0.08620689655172414,44,14,11,0.7586206896551724,0.2413793103448276,0.1896551724137931,0.010852218321097989
819,Charles Pic,39,2,2012,2013,0,0,0.0,0.0,20.615384615384617,18.076923076923077,2.5384615384615383,30,9,9,0.7692307692307693,0.23076923076923078,0.23076923076923078,0.0
820,Max Chilton,35,2,2013,2014,0,0,0.0,0.0,20.085714285714285,17.685714285714287,2.4,32,3,1,0.9142857142857143,0.08571428571428572,0.02857142857142857,0.0
821,Esteban Gutiérrez,59,3,2013,2016,0,0,6.0,0.1016949152542373,15.271186440677965,15.067796610169491,0.2033898305084746,44,15,9,0.7457627118644068,0.2542372881355932,0.15254237288135594,0.0012767315671879987
822,Valtteri Bottas,247,12,2013,2024,10,67,1788.0,7.238866396761134,7.991769547325103,8.96761133603239,-0.9053497942386831,217,30,18,0.8785425101214575,0.1214574898785425,0.0728744939271255,0.3804660070220236
823,Giedo van der Garde,19,1,2013,2013,0,0,0.0,0.0,19.36842105263158,18.05263157894737,1.3157894736842106,15,4,1,0.7894736842105263,0.21052631578947367,0.05263157894736842,0.0
824,Jules Bianchi,34,2,2013,2014,0,0,2.0,0.058823529411764705,18.823529411764707,17.11764705882353,1.7058823529411764,27,7,4,0.7941176470588235,0.20588235294117646,0.11764705882352941,0.00042557718906266625
825,Kevin Magnussen,186,10,2014,2024,0,1,196.0,1.053763440860215,13.36111111111111,13.56989247311828,-0.14444444444444443,149,37,16,0.8010752688172043,0.1989247311827957,0.08602150537634409,0.04170656452814129
826,Daniil Kvyat,112,6,2014,2020,0,3,202.0,1.8035714285714286,12.027027027027026,12.223214285714286,-0.10810810810810811,88,24,15,0.7857142857142857,0.21428571428571427,0.13392857142857142,0.04298329609532929
827,André Lotterer,1,1,2014,2014,0,0,0.0,0.0,21.0,22.0,-1.0,0,1,1,0.0,1.0,1.0,0.0
828,Marcus Ericsson,97,5,2014,2018,0,0,18.0,0.18556701030927836,16.876288659793815,14.958762886597938,1.9175257731958764,73,24,13,0.7525773195876289,0.24742268041237114,0.13402061855670103,0.003830194701563996
829,Will Stevens,19,2,2014,2015,0,0,0.0,0.0,17.72222222222222,16.63157894736842,1.2777777777777777,16,3,3,0.8421052631578947,0.15789473684210525,0.15789473684210525,0.0
830,Max Verstappen,233,11,2015,2025,71,127,3301.5,14.169527896995708,4.8441558441558445,5.44206008583691,-0.5627705627705628,200,33,18,0.8583690987124464,0.14163090128755365,0.07725321888412018,0.7025215448451962
831,Felipe Nasr,40,2,2015,2016,0,0,29.0,0.725,16.307692307692307,14.15,2.230769230769231,33,7,6,0.825,0.175,0.15,0.00617086924140866
832,Carlos Sainz,232,11,2015,2025,4,29,1257.5,5.420258620689655,8.934497816593886,9.573275862068966,-0.6375545851528385,187,45,23,0.8060344827586207,0.1939655172413793,0.09913793103448276,0.2675816576231514
833,Roberto Merhi,13,1,2015,2015,0,0,0.0,0.0,18.23076923076923,15.692307692307692,2.5384615384615383,12,1,1,0.9230769230769231,0.07692307692307693,0.07692307692307693,0.0
834,Alexander Rossi,5,1,2015,2015,0,0,0.0,0.0,17.8,15.4,2.4,5,0,0,1.0,0.0,0.0,0.0
835,Jolyon Palmer,37,2,2016,2017,0,0,9.0,0.24324324324324326,16.324324324324323,15.27027027027027,1.054054054054054,26,11,7,0.7027027027027027,0.2972972972972973,0.1891891891891892,0.001915097350781998
836,Pascal Wehrlein,39,2,2016,2017,0,0,6.0,0.15384615384615385,17.384615384615383,16.128205128205128,1.2564102564102564,31,8,2,0.7948717948717948,0.20512820512820512,0.05128205128205128,0.0012767315671879987
837,Rio Haryanto,12,1,2016,2016,0,0,0.0,0.0,19.833333333333332,18.666666666666668,1.1666666666666667,9,3,1,0.75,0.25,0.08333333333333333,0.0
838,Stoffel Vandoorne,42,3,2016,2018,0,0,26.0,0.6190476190476191,15.19047619047619,13.19047619047619,2.0,33,9,5,0.7857142857142857,0.21428571428571427,0.11904761904761904,0.005532503457814661
839,Esteban Ocon,180,9,2016,2025,1,4,474.0,2.6333333333333333,11.954285714285714,11.394444444444444,0.6285714285714286,154,26,15,0.8555555555555555,0.14444444444444443,0.08333333333333333,0.1008617938078519
840,Lance Stroll,191,9,2017,2025,0,3,315.0,1.649214659685864,13.720430107526882,12.528795811518325,1.2365591397849462,158,33,12,0.8272251308900523,0.17277486910994763,0.06282722513089005,0.06702840727736993
841,Antonio Giovinazzi,62,4,2017,2021,0,0,21.0,0.3387096774193548,14.60655737704918,13.85483870967742,0.7377049180327869,55,7,2,0.8870967741935484,0.11290322580645161,0.03225806451612903,0.004468560485157995
842,Pierre Gasly,178,9,2017,2025,1,5,446.0,2.50561797752809,11.395348837209303,11.707865168539326,-0.18023255813953487,150,28,15,0.8426966292134831,0.15730337078651685,0.08426966292134831,0.09490371316097457
843,Brendon Hartley,25,2,2017,2018,0,0,4.0,0.16,15.916666666666666,15.04,1.0833333333333333,16,9,6,0.64,0.36,0.24,0.0008511543781253325
844,Charles Leclerc,173,8,2018,2025,8,50,1588.0,9.179190751445086,6.315789473684211,7.445086705202312,-1.0526315789473684,146,27,10,0.8439306358381503,0.15606936416184972,0.057803468208092484,0.337908288115757
845,Sergey Sirotkin,21,1,2018,2018,0,0,1.0,0.047619047619047616,16.285714285714285,15.523809523809524,0.7619047619047619,18,3,2,0.8571428571428571,0.14285714285714285,0.09523809523809523,0.00021278859453133312
846,Lando Norris,152,7,2019,2025,11,44,1344.0,8.842105263157896,6.6092715231788075,7.282894736842105,-0.695364238410596,138,14,5,0.9078947368421053,0.09210526315789473,0.03289473684210526,0.2859878710501117
847,George Russell,152,7,2019,2025,5,24,953.0,6.269736842105263,9.256756756756756,9.585526315789474,-0.22297297297297297,132,20,9,0.868421052631579,0.13157894736842105,0.05921052631578947,0.20278753058836047
848,Alexander Albon,129,6,2019,2025,0,2,308.0,2.387596899224806,11.928,11.751937984496124,0.152,106,23,10,0.8217054263565892,0.17829457364341086,0.07751937984496124,0.0655388871156506
849,Nicholas Latifi,61,3,2020,2022,0,0,9.0,0.14754098360655737,17.23728813559322,15.852459016393443,1.4406779661016949,48,13,3,0.7868852459016393,0.21311475409836064,0.04918032786885246,0.001915097350781998
850,Pietro Fittipaldi,2,1,2020,2020,0,0,0.0,0.0,18.5,18.0,0.5,2,0,0,1.0,0.0,0.0,0.0
851,Jack Aitken,1,1,2020,2020,0,0,0.0,0.0,17.0,16.0,1.0,1,0,0,1.0,0.0,0.0,0.0
852,Yuki Tsunoda,114,5,2021,2025,0,0,108.0,0.9473684210526315,12.688073394495413,13.324561403508772,-0.5779816513761468,96,18,10,0.8421052631578947,0.15789473684210525,0.08771929824561403,0.02298116820938398
853,Nikita Mazepin,22,1,2021,2021,0,0,0.0,0.0,18.5,17.863636363636363,0.6363636363636364,16,6,2,0.7272727272727273,0.2727272727272727,0.09090909090909091,0.0
854,Mick Schumacher,44,2,2021,2022,0,0,12.0,0.2727272727272727,15.69767441860465,15.659090909090908,0.13953488372093023,38,6,2,0.8636363636363636,0.13636363636363635,0.045454545454545456,0.0025534631343759975
855,Guanyu Zhou,68,3,2022,2024,0,0,16.0,0.23529411764705882,15.707692307692307,14.647058823529411,1.0307692307692307,58,10,6,0.8529411764705882,0.14705882352941177,0.08823529411764706,0.00340461751250133
856,Nyck de Vries,11,2,2022,2023,0,0,2.0,0.18181818181818182,15.4,15.272727272727273,0.3,9,2,0,0.8181818181818182,0.18181818181818182,0.0,0.00042557718906266625
857,Oscar Piastri,70,3,2023,2025,9,26,728.0,10.4,5.9855072463768115,6.628571428571429,-0.7101449275362319,65,5,2,0.9285714285714286,0.07142857142857142,0.02857142857142857,0.15491009681881052
858,Logan Sargeant,36,2,2023,2024,0,0,1.0,0.027777777777777776,16.857142857142858,16.333333333333332,0.5428571428571428,27,9,3,0.75,0.25,0.08333333333333333,0.00021278859453133312
859,Liam Lawson,35,3,2023,2025,0,0,44.0,1.2571428571428571,12.705882352941176,12.82857142857143,-0.23529411764705882,29,6,2,0.8285714285714286,0.17142857142857143,0.05714285714285714,0.009362698159378657
860,Oliver Bearman,27,2,2024,2025,0,0,46.0,1.7037037037037037,14.0,11.555555555555555,2.730769230769231,24,3,2,0.8888888888888888,0.1111111111111111,0.07407407407407407,0.009788275348441323
861,Franco Colapinto,27,2,2024,2025,0,0,5.0,0.18518518518518517,16.0,15.222222222222221,0.68,23,4,2,0.8518518518518519,0.14814814814814814,0.07407407407407407,0.0010639429726566655
862,Jack Doohan,7,2,2024,2025,0,0,0.0,0.0,15.714285714285714,16.142857142857142,-0.42857142857142855,5,2,0,0.7142857142857143,0.2857142857142857,0.0,0.0
863,Andrea Kimi Antonelli,24,1,2025,2025,0,3,135.0,5.625,8.91304347826087,9.833333333333334,-1.1304347826086956,20,4,2,0.8333333333333334,0.16666666666666666,0.08333333333333333,0.02872646026172997
864,Gabriel Bortoleto,24,1,2025,2025,0,0,19.0,0.7916666666666666,14.0,14.25,-0.30434782608695654,19,5,1,0.7916666666666666,0.20833333333333334,0.041666666666666664,0.00404298329609533
865,Isack Hadjar,24,1,2025,2025,0,1,50.0,2.0833333333333335,9.956521739130435,11.791666666666666,-1.565217391304348,21,3,1,0.875,0.125,0.041666666666666664,0.010639429726566656
