season,driverId,driver_name,constructorId,constructor_name,starts,wins,podiums,points,avg_grid,avg_finish,avg_position_gain,finishes,dnfs,mechanical_dnfs,finish_rate,dnf_rate,mechanical_dnf_rate
2010,1,Lewis Hamilton,1,McLaren,19,3,9,240.0,5.157894736842105,6.421052631578948,-1.263157894736842,15,4,2,0.7894736842105263,0.21052631578947367,0.10526315789473684
2010,2,Nick Heidfeld,15,Sauber,5,0,0,6.0,13.4,12.6,0.8,4,1,0,0.8,0.2,0.0
2010,3,Nico Rosberg,131,Mercedes,19,0,3,142.0,7.368421052631579,8.263157894736842,-0.8947368421052632,16,3,2,0.8421052631578947,0.15789473684210525,0.10526315789473684
2010,4,Fernando Alonso,6,Ferrari,19,5,10,252.0,5.7894736842105265,5.421052631578948,0.3684210526315789,17,2,1,0.8947368421052632,0.10526315789473684,0.05263157894736842
2010,5,Heikki Kovalainen,205,Lotus,19,0,0,0.0,18.894736842105264,17.0,1.894736842105263,13,6,4,0.6842105263157895,0.3157894736842105,0.21052631578947367
2010,9,Robert Kubica,4,Renault,19,0,3,136.0,6.947368421052632,8.31578947368421,-1.368421052631579,16,3,3,0.8421052631578947,0.15789473684210525,0.15789473684210525
2010,10,Timo Glock,166,Virgin,19,0,0,0.0,20.210526315789473,18.789473684210527,1.4210526315789473,10,9,6,0.5263157894736842,0.47368421052631576,0.3157894736842105
2010,13,Felipe Massa,6,Ferrari,19,0,5,144.0,7.7368421052631575,7.842105263157895,-0.10526315789473684,18,1,0,0.9473684210526315,0.05263157894736842,0.0
2010,15,Jarno Trulli,205,Lotus,19,0,0,0.0,18.842105263157894,19.263157894736842,-0.42105263157894735,8,11,9,0.42105263157894735,0.5789473684210527,0.47368421052631576
2010,16,Adrian Sutil,10,Force India,19,0,0,47.0,12.157894736842104,11.736842105263158,0.42105263157894735,15,4,2,0.7894736842105263,0.21052631578947367,0.10526315789473684
2010,17,Mark Webber,9,Red Bull,19,4,10,242.0,2.789473684210526,6.052631578947368,-3.263157894736842,17,2,0,0.8947368421052632,0.10526315789473684,0.0
2010,18,Jenson Button,1,McLaren,19,2,7,214.0,6.842105263157895,6.368421052631579,0.47368421052631576,17,2,1,0.8947368421052632,0.10526315789473684,0.05263157894736842
2010,20,Sebastian Vettel,9,Red Bull,19,5,10,256.0,1.9473684210526316,6.0,-4.052631578947368,16,3,2,0.8421052631578947,0.15789473684210525,0.10526315789473684
2010,22,Rubens Barrichello,3,Williams,19,0,0,47.0,9.421052631578947,11.052631578947368,-1.631578947368421,17,2,1,0.8947368421052632,0.10526315789473684,0.05263157894736842
2010,24,Vitantonio Liuzzi,10,Force India,19,0,0,21.0,15.052631578947368,14.947368421052632,0.10526315789473684,12,7,2,0.631578947368421,0.3684210526315789,0.10526315789473684
2010,29,Sakon Yamamoto,164,HRT,7,0,0,0.0,22.714285714285715,18.714285714285715,4.0,6,1,1,0.8571428571428571,0.14285714285714285,0.14285714285714285
2010,30,Michael Schumacher,131,Mercedes,19,0,0,72.0,9.947368421052632,10.052631578947368,-0.10526315789473684,17,2,1,0.8947368421052632,0.10526315789473684,0.05263157894736842
2010,32,Christian Klien,164,HRT,3,0,0,0.0,23.0,20.666666666666668,2.3333333333333335,2,1,1,0.6666666666666666,0.3333333333333333,0.3333333333333333
2010,37,Pedro de la Rosa,15,Sauber,14,0,0,6.0,14.428571428571429,16.5,-2.0714285714285716,7,7,5,0.5,0.5,0.35714285714285715
2010,67,Sébastien Buemi,5,Toro Rosso,19,0,0,8.0,14.789473684210526,14.473684210526315,0.3157894736842105,13,6,2,0.6842105263157895,0.3157894736842105,0.10526315789473684
2010,153,Jaime Alguersuari,5,Toro Rosso,19,0,0,5.0,15.263157894736842,12.947368421052632,2.3157894736842106,17,2,2,0.8947368421052632,0.10526315789473684,0.10526315789473684
2010,155,Kamui Kobayashi,15,Sauber,19,0,0,32.0,13.947368421052632,14.68421052631579,-0.7368421052631579,11,8,4,0.5789473684210527,0.42105263157894735,0.21052631578947367
2010,807,Nico Hülkenberg,3,Williams,19,0,0,22.0,11.210526315789474,14.052631578947368,-2.8421052631578947,15,4,1,0.7894736842105263,0.21052631578947367,0.05263157894736842
2010,808,Vitaly Petrov,4,Renault,19,0,0,27.0,14.157894736842104,13.631578947368421,0.5263157894736842,13,6,3,0.6842105263157895,0.3157894736842105,0.15789473684210525
2010,810,Lucas di Grassi,166,Virgin,19,0,0,0.0,22.05263157894737,19.31578947368421,2.736842105263158,11,8,7,0.5789473684210527,0.42105263157894735,0.3684210526315789
2010,811,Bruno Senna,164,HRT,18,0,0,0.0,22.22222222222222,19.27777777777778,2.9444444444444446,9,9,7,0.5,0.5,0.3888888888888889
2010,812,Karun Chandhok,164,HRT,10,0,0,0.0,23.3,18.0,5.3,6,4,2,0.6,0.4,0.2
2011,1,Lewis Hamilton,1,McLaren,19,3,6,227.0,3.5789473684210527,6.7368421052631575,-3.1578947368421053,16,3,1,0.8421052631578947,0.15789473684210525,0.05263157894736842
2011,2,Nick Heidfeld,4,Renault,11,0,1,34.0,13.363636363636363,12.272727272727273,1.0909090909090908,8,3,0,0.7272727272727273,0.2727272727272727,0.0
2011,3,Nico Rosberg,131,Mercedes,19,0,0,89.0,7.526315789473684,8.947368421052632,-1.4210526315789473,17,2,0,0.8947368421052632,0.10526315789473684,0.0
2011,4,Fernando Alonso,6,Ferrari,19,1,10,257.0,4.578947368421052,4.421052631578948,0.15789473684210525,18,1,0,0.9473684210526315,0.05263157894736842,0.0
2011,5,Heikki Kovalainen,205,Lotus,19,0,0,0.0,18.105263157894736,17.42105263157895,0.6842105263157895,14,5,4,0.7368421052631579,0.2631578947368421,0.21052631578947367
2011,10,Timo Glock,166,Virgin,19,0,0,0.0,20.736842105263158,19.263157894736842,1.4736842105263157,14,5,3,0.7368421052631579,0.2631578947368421,0.15789473684210525
2011,13,Felipe Massa,6,Ferrari,19,0,0,118.0,5.7894736842105265,8.68421052631579,-2.8947368421052633,16,3,2,0.8421052631578947,0.15789473684210525,0.10526315789473684
2011,15,Jarno Trulli,205,Lotus,18,0,0,0.0,19.22222222222222,18.11111111111111,1.1111111111111112,14,4,4,0.7777777777777778,0.2222222222222222,0.2222222222222222
2011,16,Adrian Sutil,10,Force India,19,0,0,42.0,11.578947368421053,10.947368421052632,0.631578947368421,17,2,1,0.8947368421052632,0.10526315789473684,0.05263157894736842
2011,17,Mark Webber,9,Red Bull,19,1,10,258.0,3.789473684210526,4.2105263157894735,-0.42105263157894735,18,1,0,0.9473684210526315,0.05263157894736842,0.0
2011,18,Jenson Button,1,McLaren,19,3,12,270.0,4.473684210526316,4.947368421052632,-0.47368421052631576,17,2,2,0.8947368421052632,0.10526315789473684,0.10526315789473684
2011,20,Sebastian Vettel,9,Red Bull,19,11,17,392.0,1.263157894736842,2.736842105263158,-1.4736842105263157,18,1,1,0.9473684210526315,0.05263157894736842,0.05263157894736842
2011,22,Rubens Barrichello,3,Williams,19,0,0,4.0,14.842105263157896,14.368421052631579,0.47368421052631576,16,3,3,0.8421052631578947,0.15789473684210525,0.15789473684210525
2011,24,Vitantonio Liuzzi,164,HRT,18,0,0,0.0,22.294117647058822,20.444444444444443,2.0,13,5,3,0.7222222222222222,0.2777777777777778,0.16666666666666666
2011,30,Michael Schumacher,131,Mercedes,19,0,0,76.0,10.31578947368421,11.894736842105264,-1.5789473684210527,14,5,2,0.7368421052631579,0.2631578947368421,0.10526315789473684
2011,37,Pedro de la Rosa,15,Sauber,1,0,0,0.0,17.0,12.0,5.0,1,0,0,1.0,0.0,0.0
2011,39,Narain Karthikeyan,164,HRT,9,0,0,0.0,23.0,20.444444444444443,3.0,8,1,0,0.8888888888888888,0.1111111111111111,0.0
2011,67,Sébastien Buemi,5,Toro Rosso,19,0,0,15.0,14.578947368421053,14.105263157894736,0.47368421052631576,14,5,3,0.7368421052631579,0.2631578947368421,0.15789473684210525
2011,153,Jaime Alguersuari,5,Toro Rosso,19,0,0,26.0,14.631578947368421,13.526315789473685,1.105263157894737,15,4,1,0.7894736842105263,0.21052631578947367,0.05263157894736842
2011,155,Kamui Kobayashi,15,Sauber,19,0,0,30.0,13.842105263157896,12.789473684210526,1.0526315789473684,15,4,2,0.7894736842105263,0.21052631578947367,0.10526315789473684
2011,808,Vitaly Petrov,4,Renault,19,0,1,37.0,10.473684210526315,12.368421052631579,-1.894736842105263,15,4,0,0.7894736842105263,0.21052631578947367,0.0
2011,811,Bruno Senna,4,Renault,8,0,0,2.0,11.625,13.875,-2.25,8,0,0,1.0,0.0,0.0
2011,812,Karun Chandhok,205,Lotus,1,0,0,0.0,20.0,20.0,0.0,1,0,0,1.0,0.0,0.0
2011,813,Pastor Maldonado,3,Williams,19,0,0,1.0,14.578947368421053,16.842105263157894,-2.263157894736842,12,7,6,0.631578947368421,0.3684210526315789,0.3157894736842105
2011,814,Paul di Resta,10,Force India,19,0,0,27.0,11.68421052631579,11.68421052631579,0.0,17,2,1,0.8947368421052632,0.10526315789473684,0.05263157894736842
2011,815,Sergio Pérez,15,Sauber,18,0,0,14.0,14.0,14.222222222222221,0.35294117647058826,13,5,2,0.7222222222222222,0.2777777777777778,0.1111111111111111
2011,816,Jérôme d'Ambrosio,166,Virgin,19,0,0,0.0,21.894736842105264,18.63157894736842,3.263157894736842,16,3,2,0.8421052631578947,0.15789473684210525,0.10526315789473684
2011,817,Daniel Ricciardo,164,HRT,11,0,0,0.0,22.545454545454547,19.272727272727273,3.272727272727273,9,2,2,0.8181818181818182,0.18181818181818182,0.18181818181818182
2012,1,Lewis Hamilton,1,McLaren,20,4,7,190.0,4.3,9.6,-5.3,14,6,3,0.7,0.3,0.15
2012,3,Nico Rosberg,131,Mercedes,20,1,2,93.0,9.4,10.95,-1.55,17,3,0,0.85,0.15,0.0
2012,4,Fernando Alonso,6,Ferrari,20,3,13,278.0,6.1,5.2,0.9,18,2,0,0.9,0.1,0.0
2012,5,Heikki Kovalainen,207,Caterham,20,0,0,0.0,18.45,16.55,1.9,19,1,1,0.95,0.05,0.05
2012,8,Kimi Räikkönen,208,Lotus F1,20,1,7,207.0,7.45,5.45,2.0,20,0,0,1.0,0.0,0.0
2012,10,Timo Glock,206,Marussia,20,0,0,0.0,20.36842105263158,17.7,3.0,18,2,1,0.9,0.1,0.05
2012,13,Felipe Massa,6,Ferrari,20,0,2,122.0,9.85,8.45,1.4,19,1,0,0.95,0.05,0.0
2012,17,Mark Webber,9,Red Bull,20,2,4,179.0,5.85,7.7,-1.85,17,3,0,0.85,0.15,0.0
2012,18,Jenson Button,1,McLaren,20,3,6,188.0,6.45,8.55,-2.1,16,4,2,0.8,0.2,0.1
2012,20,Sebastian Vettel,9,Red Bull,20,5,10,281.0,5.05,5.25,-0.2,18,2,1,0.9,0.1,0.05
2012,30,Michael Schumacher,131,Mercedes,20,0,1,49.0,9.65,14.2,-4.55,13,7,4,0.65,0.35,0.2
2012,37,Pedro de la Rosa,164,HRT,20,0,0,0.0,21.842105263157894,20.0,2.0,15,5,2,0.75,0.25,0.1
2012,39,Narain Karthikeyan,164,HRT,20,0,0,0.0,23.105263157894736,20.95,2.3157894736842106,12,8,3,0.6,0.4,0.15
2012,154,Romain Grosjean,208,Lotus F1,19,0,3,96.0,7.7368421052631575,12.842105263157896,-5.105263157894737,12,7,1,0.631578947368421,0.3684210526315789,0.05263157894736842
2012,155,Kamui Kobayashi,15,Sauber,20,0,1,60.0,11.6,12.25,-0.65,16,4,1,0.8,0.2,0.05
2012,807,Nico Hülkenberg,10,Force India,20,0,0,63.0,11.45,11.1,0.35,17,3,1,0.85,0.15,0.05
2012,808,Vitaly Petrov,207,Caterham,20,0,0,0.0,18.95,16.95,2.0,17,3,3,0.85,0.15,0.15
2012,811,Bruno Senna,3,Williams,20,0,0,31.0,14.25,13.2,1.05,15,5,1,0.75,0.25,0.05
2012,813,Pastor Maldonado,3,Williams,20,1,1,45.0,10.85,14.15,-3.3,13,7,3,0.65,0.35,0.15
2012,814,Paul di Resta,10,Force India,20,0,0,46.0,11.45,11.05,0.4,18,2,0,0.9,0.1,0.0
2012,815,Sergio Pérez,15,Sauber,20,0,3,66.0,12.2,12.85,-0.65,14,6,1,0.7,0.3,0.05
2012,816,Jérôme d'Ambrosio,208,Lotus F1,1,0,0,0.0,15.0,13.0,2.0,1,0,0,1.0,0.0,0.0
2012,817,Daniel Ricciardo,5,Toro Rosso,20,0,0,10.0,14.7,12.3,2.4,19,1,1,0.95,0.05,0.05
2012,818,Jean-Éric Vergne,5,Toro Rosso,20,0,0,16.0,16.95,14.35,2.6,16,4,2,0.8,0.2,0.1
2012,819,Charles Pic,206,Marussia,20,0,0,0.0,21.35,18.4,2.95,15,5,5,0.75,0.25,0.25
2013,1,Lewis Hamilton,131,Mercedes,19,1,5,189.0,3.473684210526316,5.947368421052632,-2.473684210526316,18,1,1,0.9473684210526315,0.05263157894736842,0.05263157894736842
2013,3,Nico Rosberg,131,Mercedes,19,2,4,171.0,4.2631578947368425,7.421052631578948,-3.1578947368421053,16,3,3,0.8421052631578947,0.15789473684210525,0.15789473684210525
2013,4,Fernando Alonso,6,Ferrari,19,2,9,242.0,6.0,5.0,1.0,18,1,0,0.9473684210526315,0.05263157894736842,0.0
2013,5,Heikki Kovalainen,208,Lotus F1,2,0,0,0.0,9.5,14.5,-5.0,2,0,0,1.0,0.0,0.0
2013,8,Kimi Räikkönen,208,Lotus F1,17,1,8,183.0,8.352941176470589,6.647058823529412,1.7058823529411764,15,2,1,0.8823529411764706,0.11764705882352941,0.058823529411764705
2013,13,Felipe Massa,6,Ferrari,19,0,1,112.0,7.947368421052632,8.736842105263158,-0.7894736842105263,17,2,0,0.8947368421052632,0.10526315789473684,0.0
2013,16,Adrian Sutil,10,Force India,19,0,0,29.0,12.68421052631579,13.368421052631579,-0.6842105263157895,14,5,2,0.7368421052631579,0.2631578947368421,0.10526315789473684
2013,17,Mark Webber,9,Red Bull,19,0,8,199.0,5.421052631578948,7.0,-1.5789473684210527,15,4,1,0.7894736842105263,0.21052631578947367,0.05263157894736842
2013,18,Jenson Button,1,McLaren,19,0,0,73.0,10.473684210526315,9.105263157894736,1.368421052631579,18,1,0,0.9473684210526315,0.05263157894736842,0.0
2013,20,Sebastian Vettel,9,Red Bull,19,13,16,397.0,2.0526315789473686,2.6315789473684212,-0.5789473684210527,18,1,1,0.9473684210526315,0.05263157894736842,0.05263157894736842
2013,154,Romain Grosjean,208,Lotus F1,19,0,6,132.0,8.105263157894736,9.578947368421053,-1.4736842105263157,14,5,3,0.7368421052631579,0.2631578947368421,0.15789473684210525
2013,807,Nico Hülkenberg,15,Sauber,19,0,0,51.0,9.631578947368421,11.263157894736842,-1.631578947368421,16,3,2,0.8421052631578947,0.15789473684210525,0.10526315789473684
2013,813,Pastor Maldonado,3,Williams,19,0,0,1.0,16.05263157894737,14.631578947368421,1.4210526315789473,16,3,1,0.8421052631578947,0.15789473684210525,0.05263157894736842
2013,814,Paul di Resta,10,Force India,19,0,0,48.0,12.894736842105264,12.526315789473685,0.3684210526315789,13,6,2,0.6842105263157895,0.3157894736842105,0.10526315789473684
2013,815,Sergio Pérez,1,McLaren,19,0,0,49.0,11.0,10.157894736842104,0.8421052631578947,17,2,2,0.8947368421052632,0.10526315789473684,0.10526315789473684
2013,817,Daniel Ricciardo,5,Toro Rosso,19,0,0,20.0,10.526315789473685,13.368421052631579,-2.8421052631578947,15,4,2,0.7894736842105263,0.21052631578947367,0.10526315789473684
2013,818,Jean-Éric Vergne,5,Toro Rosso,19,0,0,13.0,13.368421052631579,14.631578947368421,-1.263157894736842,14,5,4,0.7368421052631579,0.2631578947368421,0.21052631578947367
2013,819,Charles Pic,207,Caterham,19,0,0,0.0,19.842105263157894,17.736842105263158,2.1052631578947367,15,4,4,0.7894736842105263,0.21052631578947367,0.21052631578947367
2013,820,Max Chilton,206,Marussia,19,0,0,0.0,20.57894736842105,18.157894736842106,2.4210526315789473,19,0,0,1.0,0.0,0.0
2013,821,Esteban Gutiérrez,15,Sauber,19,0,0,6.0,16.31578947368421,14.157894736842104,2.1578947368421053,16,3,1,0.8421052631578947,0.15789473684210525,0.05263157894736842
2013,822,Valtteri Bottas,3,Williams,19,0,0,4.0,14.894736842105264,14.421052631578947,0.47368421052631576,17,2,1,0.8947368421052632,0.10526315789473684,0.05263157894736842
2013,823,Giedo van der Garde,207,Caterham,19,0,0,0.0,19.36842105263158,18.05263157894737,1.3157894736842106,15,4,1,0.7894736842105263,0.21052631578947367,0.05263157894736842
2013,824,Jules Bianchi,206,Marussia,19,0,0,0.0,19.63157894736842,17.63157894736842,2.0,16,3,2,0.8421052631578947,0.15789473684210525,0.10526315789473684
2014,1,Lewis Hamilton,131,Mercedes,19,11,16,384.0,4.2105263157894735,4.105263157894737,0.10526315789473684,16,3,3,0.8421052631578947,0.15789473684210525,0.15789473684210525
2014,3,Nico Rosberg,131,Mercedes,19,5,15,317.0,1.6842105263157894,4.315789473684211,-2.6315789473684212,17,2,2,0.8947368421052632,0.10526315789473684,0.10526315789473684
2014,4,Fernando Alonso,6,Ferrari,19,0,2,161.0,6.526315789473684,7.105263157894737,-0.5789473684210527,17,2,2,0.8947368421052632,0.10526315789473684,0.10526315789473684
2014,8,Kimi Räikkönen,6,Ferrari,19,0,0,55.0,9.368421052631579,9.842105263157896,-0.47368421052631576,18,1,0,0.9473684210526315,0.05263157894736842,0.0
2014,13,Felipe Massa,3,Williams,19,0,3,134.0,7.473684210526316,9.526315789473685,-2.0526315789473686,15,4,0,0.7894736842105263,0.21052631578947367,0.0
2014,16,Adrian Sutil,15,Sauber,19,0,0,0.0,14.68421052631579,16.42105263157895,-1.736842105263158,11,8,3,0.5789473684210527,0.42105263157894735,0.15789473684210525
2014,18,Jenson Button,1,McLaren,19,0,1,126.0,8.473684210526315,8.052631578947368,0.42105263157894735,17,2,2,0.8947368421052632,0.10526315789473684,0.10526315789473684
2014,20,Sebastian Vettel,9,Red Bull,19,0,4,167.0,7.7894736842105265,7.368421052631579,0.42105263157894735,16,3,3,0.8421052631578947,0.15789473684210525,0.15789473684210525
2014,154,Romain Grosjean,208,Lotus F1,19,0,0,8.0,14.947368421052632,14.736842105263158,0.21052631578947367,13,6,4,0.6842105263157895,0.3157894736842105,0.21052631578947367
2014,155,Kamui Kobayashi,207,Caterham,16,0,0,0.0,18.75,17.5,1.25,9,7,6,0.5625,0.4375,0.375
2014,807,Nico Hülkenberg,10,Force India,19,0,0,96.0,10.947368421052632,8.789473684210526,2.1578947368421053,17,2,1,0.8947368421052632,0.10526315789473684,0.05263157894736842
2014,813,Pastor Maldonado,208,Lotus F1,19,0,0,2.0,17.68421052631579,15.578947368421053,2.1052631578947367,13,6,5,0.6842105263157895,0.3157894736842105,0.2631578947368421
2014,815,Sergio Pérez,10,Force India,19,0,1,59.0,12.052631578947368,11.157894736842104,0.8947368421052632,14,5,0,0.7368421052631579,0.2631578947368421,0.0
2014,817,Daniel Ricciardo,9,Red Bull,19,3,8,238.0,6.2631578947368425,6.105263157894737,0.15789473684210525,16,3,2,0.8421052631578947,0.15789473684210525,0.10526315789473684
2014,818,Jean-Éric Vergne,5,Toro Rosso,19,0,0,22.0,11.736842105263158,12.947368421052632,-1.2105263157894737,14,5,5,0.7368421052631579,0.2631578947368421,0.2631578947368421
2014,820,Max Chilton,206,Marussia,16,0,0,0.0,19.5,17.125,2.375,13,3,1,0.8125,0.1875,0.0625
2014,821,Esteban Gutiérrez,15,Sauber,19,0,0,0.0,15.68421052631579,16.0,-0.3157894736842105,12,7,4,0.631578947368421,0.3684210526315789,0.21052631578947367
2014,822,Valtteri Bottas,3,Williams,19,0,6,186.0,6.2105263157894735,6.105263157894737,0.10526315789473684,18,1,1,0.9473684210526315,0.05263157894736842,0.05263157894736842
2014,824,Jules Bianchi,206,Marussia,15,0,0,2.0,17.8,16.466666666666665,1.3333333333333333,11,4,2,0.7333333333333333,0.26666666666666666,0.13333333333333333
2014,825,Kevin Magnussen,1,McLaren,19,0,1,55.0,8.789473684210526,9.842105263157896,-1.0526315789473684,18,1,1,0.9473684210526315,0.05263157894736842,0.05263157894736842
2014,826,Daniil Kvyat,5,Toro Rosso,19,0,0,8.0,11.157894736842104,13.631578947368421,-2.473684210526316,14,5,4,0.7368421052631579,0.2631578947368421,0.21052631578947367
2014,827,André Lotterer,207,Caterham,1,0,0,0.0,21.0,22.0,-1.0,0,1,1,0.0,1.0,1.0
2014,828,Marcus Ericsson,207,Caterham,16,0,0,0.0,20.1875,17.9375,2.25,11,5,4,0.6875,0.3125,0.25
2014,829,Will Stevens,207,Caterham,1,0,0,0.0,17.0,17.0,0.0,1,0,0,1.0,0.0,0.0
2015,1,Lewis Hamilton,131,Mercedes,19,10,17,381.0,1.5789473684210527,2.5789473684210527,-1.0,18,1,1,0.9473684210526315,0.05263157894736842,0.05263157894736842
2015,3,Nico Rosberg,131,Mercedes,19,6,15,322.0,2.0526315789473686,3.8421052631578947,-1.7894736842105263,18,1,1,0.9473684210526315,0.05263157894736842,0.05263157894736842
2015,4,Fernando Alonso,1,McLaren,18,0,0,11.0,15.666666666666666,14.88888888888889,0.7777777777777778,11,7,6,0.6111111111111112,0.3888888888888889,0.3333333333333333
2015,8,Kimi Räikkönen,6,Ferrari,19,0,3,150.0,7.473684210526316,7.947368421052632,-0.47368421052631576,14,5,3,0.7368421052631579,0.2631578947368421,0.15789473684210525
2015,13,Felipe Massa,3,Williams,19,0,2,121.0,7.421052631578948,9.0,-1.5789473684210527,16,3,2,0.8421052631578947,0.15789473684210525,0.10526315789473684
2015,18,Jenson Button,1,McLaren,19,0,0,16.0,15.947368421052632,13.947368421052632,2.0,13,6,5,0.6842105263157895,0.3157894736842105,0.2631578947368421
2015,20,Sebastian Vettel,6,Ferrari,19,3,13,278.0,5.315789473684211,4.105263157894737,1.2105263157894737,17,2,1,0.8947368421052632,0.10526315789473684,0.05263157894736842
2015,154,Romain Grosjean,208,Lotus F1,19,0,1,51.0,10.263157894736842,11.157894736842104,-0.8947368421052632,12,7,3,0.631578947368421,0.3684210526315789,0.15789473684210525
2015,807,Nico Hülkenberg,10,Force India,19,0,0,58.0,9.894736842105264,11.947368421052632,-2.0526315789473686,13,6,1,0.6842105263157895,0.3157894736842105,0.05263157894736842
2015,813,Pastor Maldonado,208,Lotus F1,19,0,0,27.0,11.842105263157896,13.894736842105264,-2.0526315789473686,10,9,4,0.5263157894736842,0.47368421052631576,0.21052631578947367
2015,815,Sergio Pérez,10,Force India,19,0,1,78.0,10.263157894736842,9.105263157894736,1.1578947368421053,18,1,1,0.9473684210526315,0.05263157894736842,0.05263157894736842
2015,817,Daniel Ricciardo,9,Red Bull,19,0,2,92.0,8.105263157894736,9.157894736842104,-1.0526315789473684,16,3,3,0.8421052631578947,0.15789473684210525,0.15789473684210525
2015,822,Valtteri Bottas,3,Williams,19,0,2,136.0,6.388888888888889,8.0,-1.0555555555555556,15,4,2,0.7894736842105263,0.21052631578947367,0.10526315789473684
2015,825,Kevin Magnussen,1,McLaren,1,0,0,0.0,17.0,17.0,0.0,0,1,0,0.0,1.0,0.0
2015,826,Daniil Kvyat,9,Red Bull,19,0,1,95.0,9.68421052631579,8.842105263157896,0.8421052631578947,16,3,1,0.8421052631578947,0.15789473684210525,0.05263157894736842
2015,828,Marcus Ericsson,15,Sauber,19,0,0,9.0,14.0,13.0,1.0,16,3,1,0.8421052631578947,0.15789473684210525,0.05263157894736842
2015,829,Will Stevens,209,Manor Marussia,18,0,0,0.0,17.764705882352942,16.61111111111111,1.3529411764705883,15,3,3,0.8333333333333334,0.16666666666666666,0.16666666666666666
2015,830,Max Verstappen,5,Toro Rosso,19,0,0,49.0,11.368421052631579,11.157894736842104,0.21052631578947367,14,5,3,0.7368421052631579,0.2631578947368421,0.15789473684210525
2015,831,Felipe Nasr,15,Sauber,19,0,0,27.0,13.894736842105264,12.105263157894736,1.7894736842105263,16,3,3,0.8421052631578947,0.15789473684210525,0.15789473684210525
2015,832,Carlos Sainz,5,Toro Rosso,19,0,0,18.0,11.944444444444445,12.631578947368421,-0.8333333333333334,12,7,6,0.631578947368421,0.3684210526315789,0.3157894736842105
2015,833,Roberto Merhi,209,Manor Marussia,13,0,0,0.0,18.23076923076923,15.692307692307692,2.5384615384615383,12,1,1,0.9230769230769231,0.07692307692307693,0.07692307692307693
2015,834,Alexander Rossi,209,Manor Marussia,5,0,0,0.0,17.8,15.4,2.4,5,0,0,1.0,0.0,0.0
2016,1,Lewis Hamilton,131,Mercedes,21,10,17,380.0,4.142857142857143,3.761904761904762,0.38095238095238093,19,2,1,0.9047619047619048,0.09523809523809523,0.047619047619047616
2016,3,Nico Rosberg,131,Mercedes,21,9,16,385.0,1.8095238095238095,3.1904761904761907,-1.380952380952381,20,1,0,0.9523809523809523,0.047619047619047616,0.0
2016,4,Fernando Alonso,1,McLaren,20,0,0,54.0,12.15,11.6,0.55,16,4,3,0.8,0.2,0.15
2016,8,Kimi Räikkönen,6,Ferrari,21,0,4,186.0,5.333333333333333,7.523809523809524,-2.1904761904761907,17,4,2,0.8095238095238095,0.19047619047619047,0.09523809523809523
2016,13,Felipe Massa,3,Williams,21,0,0,53.0,10.35,11.380952380952381,-0.6,17,4,3,0.8095238095238095,0.19047619047619047,0.14285714285714285
2016,18,Jenson Button,1,McLaren,21,0,0,21.0,13.0,13.904761904761905,-0.9047619047619048,15,6,5,0.7142857142857143,0.2857142857142857,0.23809523809523808
2016,20,Sebastian Vettel,6,Ferrari,21,0,7,212.0,6.0476190476190474,7.285714285714286,-1.2380952380952381,17,4,2,0.8095238095238095,0.19047619047619047,0.09523809523809523
2016,154,Romain Grosjean,210,Haas F1 Team,21,0,0,29.0,14.047619047619047,13.857142857142858,0.19047619047619047,16,5,3,0.7619047619047619,0.23809523809523808,0.14285714285714285
2016,807,Nico Hülkenberg,10,Force India,21,0,0,72.0,8.380952380952381,11.333333333333334,-2.9523809523809526,16,5,2,0.7619047619047619,0.23809523809523808,0.09523809523809523
2016,815,Sergio Pérez,10,Force India,21,0,2,101.0,9.761904761904763,8.571428571428571,1.1904761904761905,20,1,1,0.9523809523809523,0.047619047619047616,0.047619047619047616
2016,817,Daniel Ricciardo,9,Red Bull,21,1,8,256.0,3.9047619047619047,4.380952380952381,-0.47619047619047616,21,0,0,1.0,0.0,0.0
2016,821,Esteban Gutiérrez,210,Haas F1 Team,21,0,0,0.0,13.952380952380953,15.047619047619047,-1.0952380952380953,16,5,4,0.7619047619047619,0.23809523809523808,0.19047619047619047
2016,822,Valtteri Bottas,3,Williams,21,0,1,85.0,8.285714285714286,9.666666666666666,-1.380952380952381,19,2,2,0.9047619047619048,0.09523809523809523,0.09523809523809523
2016,825,Kevin Magnussen,4,Renault,21,0,0,7.0,17.142857142857142,15.047619047619047,2.0952380952380953,16,5,3,0.7619047619047619,0.23809523809523808,0.14285714285714285
2016,826,Daniil Kvyat,5,Toro Rosso,17,0,0,4.0,13.6875,15.117647058823529,-1.0,12,5,4,0.7058823529411765,0.29411764705882354,0.23529411764705882
2016,826,Daniil Kvyat,9,Red Bull,4,0,1,21.0,11.75,11.75,0.0,3,1,1,0.75,0.25,0.25
2016,828,Marcus Ericsson,15,Sauber,21,0,0,0.0,18.61904761904762,15.857142857142858,2.761904761904762,16,5,3,0.7619047619047619,0.23809523809523808,0.14285714285714285
2016,830,Max Verstappen,5,Toro Rosso,4,0,0,13.0,8.25,10.75,-2.5,3,1,1,0.75,0.25,0.25
2016,830,Max Verstappen,9,Red Bull,17,1,7,191.0,4.5625,6.0,-0.6875,15,2,1,0.8823529411764706,0.11764705882352941,0.058823529411764705
2016,831,Felipe Nasr,15,Sauber,21,0,0,2.0,18.6,16.0,2.65,17,4,3,0.8095238095238095,0.19047619047619047,0.14285714285714285
2016,832,Carlos Sainz,5,Toro Rosso,21,0,0,46.0,12.047619047619047,12.047619047619047,0.0,17,4,3,0.8095238095238095,0.19047619047619047,0.14285714285714285
2016,835,Jolyon Palmer,4,Renault,21,0,0,1.0,17.238095238095237,16.0,1.2380952380952381,15,6,3,0.7142857142857143,0.2857142857142857,0.14285714285714285
2016,836,Pascal Wehrlein,209,Manor Marussia,21,0,0,1.0,18.19047619047619,17.285714285714285,0.9047619047619048,16,5,2,0.7619047619047619,0.23809523809523808,0.09523809523809523
2016,837,Rio Haryanto,209,Manor Marussia,12,0,0,0.0,19.833333333333332,18.666666666666668,1.1666666666666667,9,3,1,0.75,0.25,0.08333333333333333
2016,838,Stoffel Vandoorne,1,McLaren,1,0,0,1.0,12.0,10.0,2.0,1,0,0,1.0,0.0,0.0
2016,839,Esteban Ocon,209,Manor Marussia,9,0,0,0.0,20.444444444444443,17.0,3.4444444444444446,9,0,0,1.0,0.0,0.0
2017,1,Lewis Hamilton,131,Mercedes,20,9,13,363.0,3.6,2.7,0.9,20,0,0,1.0,0.0,0.0
2017,4,Fernando Alonso,1,McLaren,19,0,0,17.0,12.736842105263158,13.789473684210526,-1.0526315789473684,8,11,8,0.42105263157894735,0.5789473684210527,0.42105263157894735
2017,8,Kimi Räikkönen,6,Ferrari,20,0,7,205.0,3.9473684210526314,6.8,-2.1578947368421053,16,4,1,0.8,0.2,0.05
2017,13,Felipe Massa,3,Williams,19,0,0,43.0,10.263157894736842,10.210526315789474,0.05263157894736842,17,2,1,0.8947368421052632,0.10526315789473684,0.05263157894736842
2017,18,Jenson Button,1,McLaren,1,0,0,0.0,20.0,18.0,2.0,0,1,0,0.0,1.0,0.0
2017,20,Sebastian Vettel,6,Ferrari,20,5,13,317.0,3.15,4.15,-1.0,18,2,0,0.9,0.1,0.0
2017,154,Romain Grosjean,210,Haas F1 Team,20,0,0,28.0,13.2,12.25,0.95,17,3,2,0.85,0.15,0.1
2017,807,Nico Hülkenberg,4,Renault,20,0,0,43.0,9.65,12.4,-2.75,13,7,5,0.65,0.35,0.25
2017,814,Paul di Resta,3,Williams,1,0,0,0.0,19.0,18.0,1.0,0,1,1,0.0,1.0,1.0
2017,815,Sergio Pérez,10,Force India,20,0,0,100.0,8.85,8.25,0.6,18,2,1,0.9,0.1,0.05
2017,817,Daniel Ricciardo,9,Red Bull,20,1,9,200.0,7.368421052631579,8.0,-0.15789473684210525,14,6,5,0.7,0.3,0.25
2017,822,Valtteri Bottas,131,Mercedes,20,3,13,305.0,3.35,3.65,-0.3,19,1,1,0.95,0.05,0.05
2017,825,Kevin Magnussen,210,Haas F1 Team,20,0,0,19.0,14.2,12.85,1.35,15,5,4,0.75,0.25,0.2
2017,826,Daniil Kvyat,5,Toro Rosso,15,0,0,5.0,12.266666666666667,13.4,-1.1333333333333333,10,5,3,0.6666666666666666,0.3333333333333333,0.2
2017,828,Marcus Ericsson,15,Sauber,20,0,0,0.0,16.85,15.35,1.5,13,7,4,0.65,0.35,0.2
2017,830,Max Verstappen,9,Red Bull,20,2,4,168.0,6.1,9.3,-3.2,13,7,4,0.65,0.35,0.2
2017,832,Carlos Sainz,4,Renault,4,0,0,6.0,8.75,13.25,-4.5,2,2,2,0.5,0.5,0.5
2017,832,Carlos Sainz,5,Toro Rosso,16,0,0,48.0,12.375,12.0,0.375,10,6,2,0.625,0.375,0.125
2017,835,Jolyon Palmer,4,Renault,16,0,0,8.0,15.125,14.3125,0.8125,11,5,4,0.6875,0.3125,0.25
2017,836,Pascal Wehrlein,15,Sauber,18,0,0,5.0,16.444444444444443,14.777777777777779,1.6666666666666667,15,3,0,0.8333333333333334,0.16666666666666666,0.0
2017,838,Stoffel Vandoorne,1,McLaren,20,0,0,13.0,14.6,13.7,0.9,14,6,3,0.7,0.3,0.15
2017,839,Esteban Ocon,10,Force India,20,0,0,87.0,9.5,8.45,1.05,19,1,0,0.95,0.05,0.0
2017,840,Lance Stroll,3,Williams,20,0,1,40.0,14.15,12.4,1.75,15,5,3,0.75,0.25,0.15
2017,841,Antonio Giovinazzi,15,Sauber,2,0,0,0.0,17.0,15.5,1.5,1,1,0,0.5,0.5,0.0
2017,842,Pierre Gasly,5,Toro Rosso,5,0,0,0.0,17.0,13.6,3.4,5,0,0,1.0,0.0,0.0
2017,843,Brendon Hartley,5,Toro Rosso,4,0,0,0.0,18.5,15.75,2.75,2,2,2,0.5,0.5,0.5
2018,1,Lewis Hamilton,131,Mercedes,21,11,17,408.0,2.7142857142857144,2.619047619047619,0.09523809523809523,20,1,1,0.9523809523809523,0.047619047619047616,0.047619047619047616
2018,4,Fernando Alonso,1,McLaren,21,0,0,50.0,12.904761904761905,12.666666666666666,0.23809523809523808,13,8,6,0.6190476190476191,0.38095238095238093,0.2857142857142857
2018,8,Kimi Räikkönen,6,Ferrari,21,1,12,251.0,3.761904761904762,6.0,-2.238095238095238,17,4,3,0.8095238095238095,0.19047619047619047,0.14285714285714285
2018,20,Sebastian Vettel,6,Ferrari,21,5,12,320.0,2.857142857142857,3.857142857142857,-1.0,20,1,0,0.9523809523809523,0.047619047619047616,0.0
2018,154,Romain Grosjean,210,Haas F1 Team,21,0,0,37.0,10.142857142857142,12.571428571428571,-2.4285714285714284,15,6,1,0.7142857142857143,0.2857142857142857,0.047619047619047616
2018,807,Nico Hülkenberg,4,Renault,21,0,0,69.0,11.285714285714286,11.857142857142858,-0.5714285714285714,14,7,3,0.6666666666666666,0.3333333333333333,0.14285714285714285
2018,815,Sergio Pérez,10,Force India,21,0,1,62.0,11.19047619047619,10.571428571428571,0.6190476190476191,19,2,2,0.9047619047619048,0.09523809523809523,0.09523809523809523
2018,817,Daniel Ricciardo,9,Red Bull,21,2,2,170.0,8.19047619047619,9.19047619047619,-1.0,13,8,7,0.6190476190476191,0.38095238095238093,0.3333333333333333
2018,822,Valtteri Bottas,131,Mercedes,21,0,8,247.0,4.142857142857143,5.095238095238095,-0.9523809523809523,19,2,2,0.9047619047619048,0.09523809523809523,0.09523809523809523
2018,825,Kevin Magnussen,210,Haas F1 Team,21,0,0,56.0,10.285714285714286,11.380952380952381,-1.0952380952380953,18,3,1,0.8571428571428571,0.14285714285714285,0.047619047619047616
2018,828,Marcus Ericsson,15,Sauber,21,0,0,9.0,15.238095238095237,13.19047619047619,2.0476190476190474,17,4,1,0.8095238095238095,0.19047619047619047,0.047619047619047616
2018,830,Max Verstappen,9,Red Bull,21,2,11,249.0,7.0476190476190474,6.095238095238095,0.9523809523809523,17,4,2,0.8095238095238095,0.19047619047619047,0.09523809523809523
2018,832,Carlos Sainz,4,Renault,21,0,0,53.0,10.0,10.285714285714286,-0.2857142857142857,19,2,1,0.9047619047619048,0.09523809523809523,0.047619047619047616
2018,838,Stoffel Vandoorne,1,McLaren,21,0,0,12.0,15.904761904761905,12.857142857142858,3.0476190476190474,18,3,2,0.8571428571428571,0.14285714285714285,0.09523809523809523
2018,839,Esteban Ocon,10,Force India,21,0,0,49.0,10.19047619047619,11.80952380952381,-1.619047619047619,15,6,2,0.7142857142857143,0.2857142857142857,0.09523809523809523
2018,840,Lance Stroll,3,Williams,21,0,0,6.0,16.38095238095238,14.285714285714286,2.0952380952380953,18,3,2,0.8571428571428571,0.14285714285714285,0.09523809523809523
2018,842,Pierre Gasly,5,Toro Rosso,21,0,0,29.0,13.428571428571429,12.857142857142858,0.5714285714285714,16,5,3,0.7619047619047619,0.23809523809523808,0.14285714285714285
2018,843,Brendon Hartley,5,Toro Rosso,21,0,0,4.0,15.4,14.904761904761905,0.75,14,7,4,0.6666666666666666,0.3333333333333333,0.19047619047619047
2018,844,Charles Leclerc,15,Sauber,21,0,0,39.0,12.428571428571429,12.380952380952381,0.047619047619047616,15,6,3,0.7142857142857143,0.2857142857142857,0.14285714285714285
2018,845,Sergey Sirotkin,3,Williams,21,0,0,1.0,16.285714285714285,15.523809523809524,0.7619047619047619,18,3,2,0.8571428571428571,0.14285714285714285,0.09523809523809523
2019,1,Lewis Hamilton,131,Mercedes,21,11,17,413.0,2.3333333333333335,2.380952380952381,-0.047619047619047616,21,0,0,1.0,0.0,0.0
2019,8,Kimi Räikkönen,51,Alfa Romeo,21,0,0,43.0,11.631578947368421,11.619047619047619,0.10526315789473684,19,2,1,0.9047619047619048,0.09523809523809523,0.047619047619047616
2019,9,Robert Kubica,3,Williams,21,0,0,1.0,18.61111111111111,17.0,1.5555555555555556,19,2,2,0.9047619047619048,0.09523809523809523,0.09523809523809523
2019,20,Sebastian Vettel,6,Ferrari,21,1,9,240.0,4.238095238095238,6.428571428571429,-2.1904761904761907,18,3,1,0.8571428571428571,0.14285714285714285,0.047619047619047616
2019,154,Romain Grosjean,210,Haas F1 Team,21,0,0,8.0,11.571428571428571,15.047619047619047,-3.4761904761904763,14,7,4,0.6666666666666666,0.3333333333333333,0.19047619047619047
2019,807,Nico Hülkenberg,4,Renault,21,0,0,37.0,10.95,11.80952380952381,-0.8,17,4,2,0.8095238095238095,0.19047619047619047,0.09523809523809523
2019,815,Sergio Pérez,211,Racing Point,21,0,0,52.0,12.85,10.80952380952381,2.0,19,2,1,0.9047619047619048,0.09523809523809523,0.047619047619047616
2019,817,Daniel Ricciardo,4,Renault,21,0,0,54.0,10.619047619047619,12.142857142857142,-1.5238095238095237,15,6,2,0.7142857142857143,0.2857142857142857,0.09523809523809523
2019,822,Valtteri Bottas,131,Mercedes,21,4,15,326.0,3.7142857142857144,4.095238095238095,-0.38095238095238093,19,2,1,0.9047619047619048,0.09523809523809523,0.047619047619047616
2019,825,Kevin Magnussen,210,Haas F1 Team,21,0,0,20.0,11.5,13.761904761904763,-2.1,18,3,2,0.8571428571428571,0.14285714285714285,0.09523809523809523
2019,826,Daniil Kvyat,5,Toro Rosso,21,0,1,37.0,13.380952380952381,11.857142857142858,1.5238095238095237,18,3,1,0.8571428571428571,0.14285714285714285,0.047619047619047616
2019,830,Max Verstappen,9,Red Bull,21,3,9,278.0,4.714285714285714,5.0,-0.2857142857142857,19,2,1,0.9047619047619048,0.09523809523809523,0.047619047619047616
2019,832,Carlos Sainz,1,McLaren,21,0,1,96.0,10.285714285714286,10.047619047619047,0.23809523809523808,17,4,2,0.8095238095238095,0.19047619047619047,0.09523809523809523
2019,840,Lance Stroll,211,Racing Point,21,0,0,21.0,15.285714285714286,12.761904761904763,2.5238095238095237,18,3,2,0.8571428571428571,0.14285714285714285,0.09523809523809523
2019,841,Antonio Giovinazzi,51,Alfa Romeo,21,0,0,14.0,13.80952380952381,13.857142857142858,-0.047619047619047616,19,2,0,0.9047619047619048,0.09523809523809523,0.0
2019,842,Pierre Gasly,5,Toro Rosso,9,0,1,32.0,11.444444444444445,10.444444444444445,1.0,8,1,1,0.8888888888888888,0.1111111111111111,0.1111111111111111
2019,842,Pierre Gasly,9,Red Bull,12,0,0,63.0,7.909090909090909,8.5,0.18181818181818182,10,2,1,0.8333333333333334,0.16666666666666666,0.08333333333333333
2019,844,Charles Leclerc,6,Ferrari,21,2,10,264.0,4.285714285714286,5.571428571428571,-1.2857142857142858,18,3,0,0.8571428571428571,0.14285714285714285,0.0
2019,846,Lando Norris,1,McLaren,21,0,0,49.0,9.333333333333334,11.333333333333334,-2.0,15,6,2,0.7142857142857143,0.2857142857142857,0.09523809523809523
2019,847,George Russell,3,Williams,21,0,0,0.0,17.6,15.80952380952381,1.9,19,2,1,0.9047619047619048,0.09523809523809523,0.047619047619047616
2019,848,Alexander Albon,5,Toro Rosso,12,0,0,16.0,12.363636363636363,11.666666666666666,0.5454545454545454,11,1,0,0.9166666666666666,0.08333333333333333,0.0
2019,848,Alexander Albon,9,Red Bull,9,0,0,76.0,7.25,6.222222222222222,0.875,9,0,0,1.0,0.0,0.0
2020,1,Lewis Hamilton,131,Mercedes,16,11,14,347.0,1.875,1.875,0.0,16,0,0,1.0,0.0,0.0
2020,8,Kimi Räikkönen,51,Alfa Romeo,17,0,0,4.0,16.352941176470587,13.058823529411764,3.2941176470588234,16,1,1,0.9411764705882353,0.058823529411764705,0.058823529411764705
2020,20,Sebastian Vettel,6,Ferrari,17,0,1,33.0,12.058823529411764,11.529411764705882,0.5294117647058824,15,2,1,0.8823529411764706,0.11764705882352941,0.058823529411764705
2020,154,Romain Grosjean,210,Haas F1 Team,15,0,0,2.0,16.307692307692307,15.333333333333334,0.8461538461538461,12,3,1,0.8,0.2,0.06666666666666667
2020,807,Nico Hülkenberg,211,Racing Point,3,0,0,10.0,12.0,11.666666666666666,0.3333333333333333,2,1,1,0.6666666666666666,0.3333333333333333,0.3333333333333333
2020,815,Sergio Pérez,211,Racing Point,15,1,2,125.0,7.4,7.4,0.0,13,2,2,0.8666666666666667,0.13333333333333333,0.13333333333333333
2020,817,Daniel Ricciardo,4,Renault,17,0,2,119.0,7.588235294117647,7.470588235294118,0.11764705882352941,16,1,1,0.9411764705882353,0.058823529411764705,0.058823529411764705
2020,822,Valtteri Bottas,131,Mercedes,17,2,11,223.0,2.2941176470588234,5.176470588235294,-2.8823529411764706,16,1,1,0.9411764705882353,0.058823529411764705,0.058823529411764705
2020,825,Kevin Magnussen,210,Haas F1 Team,17,0,0,1.0,16.75,15.941176470588236,0.4375,10,7,3,0.5882352941176471,0.4117647058823529,0.17647058823529413
2020,826,Daniil Kvyat,213,AlphaTauri,17,0,0,32.0,12.235294117647058,11.058823529411764,1.1764705882352942,15,2,1,0.8823529411764706,0.11764705882352941,0.058823529411764705
2020,830,Max Verstappen,9,Red Bull,17,2,11,214.0,3.0588235294117645,7.117647058823529,-4.0588235294117645,12,5,3,0.7058823529411765,0.29411764705882354,0.17647058823529413
2020,832,Carlos Sainz,1,McLaren,17,0,1,105.0,8.352941176470589,8.941176470588236,-0.5882352941176471,14,3,1,0.8235294117647058,0.17647058823529413,0.058823529411764705
2020,839,Esteban Ocon,4,Renault,17,0,1,62.0,10.058823529411764,10.411764705882353,-0.35294117647058826,13,4,4,0.7647058823529411,0.23529411764705882,0.23529411764705882
2020,840,Lance Stroll,211,Racing Point,16,0,2,75.0,8.4375,10.4375,-2.0,11,5,2,0.6875,0.3125,0.125
2020,841,Antonio Giovinazzi,51,Alfa Romeo,17,0,0,4.0,16.764705882352942,14.647058823529411,2.1176470588235294,14,3,1,0.8235294117647058,0.17647058823529413,0.058823529411764705
2020,842,Pierre Gasly,213,AlphaTauri,17,1,1,75.0,10.235294117647058,10.352941176470589,-0.11764705882352941,14,3,1,0.8235294117647058,0.17647058823529413,0.058823529411764705
2020,844,Charles Leclerc,6,Ferrari,17,0,2,98.0,8.470588235294118,9.882352941176471,-1.411764705882353,13,4,1,0.7647058823529411,0.23529411764705882,0.058823529411764705
2020,846,Lando Norris,1,McLaren,17,0,1,97.0,8.764705882352942,8.294117647058824,0.47058823529411764,16,1,1,0.9411764705882353,0.058823529411764705,0.058823529411764705
2020,847,George Russell,3,Williams,16,0,0,0.0,15.466666666666667,15.6875,-0.2,12,4,1,0.75,0.25,0.0625
2020,847,George Russell,131,Mercedes,1,0,0,3.0,2.0,9.0,-7.0,1,0,0,1.0,0.0,0.0
2020,848,Alexander Albon,9,Red Bull,17,0,2,105.0,7.352941176470588,8.294117647058824,-0.9411764705882353,15,2,2,0.8823529411764706,0.11764705882352941,0.11764705882352941
2020,849,Nicholas Latifi,3,Williams,17,0,0,0.0,18.5625,15.764705882352942,3.0,14,3,1,0.8235294117647058,0.17647058823529413,0.058823529411764705
2020,850,Pietro Fittipaldi,210,Haas F1 Team,2,0,0,0.0,18.5,18.0,0.5,2,0,0,1.0,0.0,0.0
2020,851,Jack Aitken,3,Williams,1,0,0,0.0,17.0,16.0,1.0,1,0,0,1.0,0.0,0.0
2021,1,Lewis Hamilton,131,Mercedes,22,8,17,385.5,3.090909090909091,3.409090909090909,-0.3181818181818182,21,1,0,0.9545454545454546,0.045454545454545456,0.0
2021,4,Fernando Alonso,214,Alpine F1 Team,22,0,1,81.0,10.5,9.909090909090908,0.5909090909090909,20,2,1,0.9090909090909091,0.09090909090909091,0.045454545454545456
2021,8,Kimi Räikkönen,51,Alfa Romeo,20,0,0,10.0,14.88888888888889,13.2,1.8888888888888888,18,2,1,0.9,0.1,0.05
2021,9,Robert Kubica,51,Alfa Romeo,2,0,0,0.0,16.5,14.5,2.0,2,0,0,1.0,0.0,0.0
2021,20,Sebastian Vettel,117,Aston Martin,22,0,1,43.0,11.714285714285714,12.045454545454545,-0.19047619047619047,17,5,2,0.7727272727272727,0.22727272727272727,0.09090909090909091
2021,815,Sergio Pérez,9,Red Bull,22,1,5,190.0,5.388888888888889,7.545454545454546,-1.1666666666666667,19,3,1,0.8636363636363636,0.13636363636363635,0.045454545454545456
2021,817,Daniel Ricciardo,1,McLaren,22,1,1,114.0,9.681818181818182,8.590909090909092,1.0909090909090908,21,1,0,0.9545454545454546,0.045454545454545456,0.0
2021,822,Valtteri Bottas,131,Mercedes,22,1,11,219.0,5.590909090909091,7.409090909090909,-1.8181818181818181,18,4,1,0.8181818181818182,0.18181818181818182,0.045454545454545456
2021,830,Max Verstappen,9,Red Bull,22,10,18,388.5,2.8636363636363638,4.136363636363637,-1.2727272727272727,19,3,0,0.8636363636363636,0.13636363636363635,0.0
2021,832,Carlos Sainz,6,Ferrari,22,0,4,163.5,7.909090909090909,6.5,1.4090909090909092,22,0,0,1.0,0.0,0.0
2021,839,Esteban Ocon,214,Alpine F1 Team,22,1,1,74.0,10.681818181818182,10.590909090909092,0.09090909090909091,19,3,2,0.8636363636363636,0.13636363636363635,0.09090909090909091
2021,840,Lance Stroll,117,Aston Martin,22,0,0,34.0,13.090909090909092,11.954545454545455,1.1363636363636365,19,3,0,0.8636363636363636,0.13636363636363635,0.0
2021,841,Antonio Giovinazzi,51,Alfa Romeo,22,0,0,3.0,13.428571428571429,13.090909090909092,0.3333333333333333,21,1,1,0.9545454545454546,0.045454545454545456,0.045454545454545456
2021,842,Pierre Gasly,213,AlphaTauri,22,0,1,110.0,6.666666666666667,9.363636363636363,-2.238095238095238,18,4,3,0.8181818181818182,0.18181818181818182,0.13636363636363635
2021,844,Charles Leclerc,6,Ferrari,22,0,1,159.0,6.454545454545454,7.7272727272727275,-1.2727272727272727,20,2,1,0.9090909090909091,0.09090909090909091,0.045454545454545456
2021,846,Lando Norris,1,McLaren,22,0,4,160.0,6.863636363636363,7.0,-0.13636363636363635,21,1,0,0.9545454545454546,0.045454545454545456,0.0
2021,847,George Russell,3,Williams,22,0,1,16.0,13.0,13.909090909090908,-0.9090909090909091,16,6,4,0.7272727272727273,0.2727272727272727,0.18181818181818182
2021,849,Nicholas Latifi,3,Williams,22,0,0,7.0,15.952380952380953,15.545454545454545,0.42857142857142855,17,5,2,0.7727272727272727,0.22727272727272727,0.09090909090909091
2021,852,Yuki Tsunoda,213,AlphaTauri,22,0,0,32.0,12.65,13.181818181818182,-0.2,18,4,3,0.8181818181818182,0.18181818181818182,0.13636363636363635
2021,853,Nikita Mazepin,210,Haas F1 Team,22,0,0,0.0,18.5,17.863636363636363,0.6363636363636364,16,6,2,0.7272727272727273,0.2727272727272727,0.09090909090909091
2021,854,Mick Schumacher,210,Haas F1 Team,22,0,0,0.0,17.545454545454547,16.90909090909091,0.6363636363636364,19,3,1,0.8636363636363636,0.13636363636363635,0.045454545454545456
2022,1,Lewis Hamilton,131,Mercedes,22,0,9,233.0,6.5,6.045454545454546,0.45454545454545453,20,2,1,0.9090909090909091,0.09090909090909091,0.045454545454545456
2022,4,Fernando Alonso,214,Alpine F1 Team,22,0,0,81.0,9.409090909090908,10.863636363636363,-1.4545454545454546,16,6,3,0.7272727272727273,0.2727272727272727,0.13636363636363635
2022,20,Sebastian Vettel,117,Aston Martin,20,0,0,37.0,13.263157894736842,11.45,2.1052631578947367,17,3,1,0.85,0.15,0.05
2022,807,Nico Hülkenberg,117,Aston Martin,2,0,0,0.0,17.0,14.5,2.5,2,0,0,1.0,0.0,0.0
2022,815,Sergio Pérez,9,Red Bull,22,2,11,291.0,4.818181818181818,5.409090909090909,-0.5909090909090909,19,3,2,0.8636363636363636,0.13636363636363635,0.09090909090909091
2022,817,Daniel Ricciardo,1,McLaren,22,0,0,34.0,11.409090909090908,12.5,-1.0909090909090908,19,3,2,0.8636363636363636,0.13636363636363635,0.09090909090909091
2022,822,Valtteri Bottas,51,Alfa Romeo,22,0,0,47.0,10.952380952380953,12.090909090909092,-1.1904761904761905,16,6,3,0.7272727272727273,0.2727272727272727,0.13636363636363635
2022,825,Kevin Magnussen,210,Haas F1 Team,22,0,0,21.0,12.954545454545455,14.136363636363637,-1.1818181818181819,17,5,1,0.7727272727272727,0.22727272727272727,0.045454545454545456
2022,830,Max Verstappen,9,Red Bull,22,15,17,433.0,3.409090909090909,3.5,-0.09090909090909091,20,2,2,0.9090909090909091,0.09090909090909091,0.09090909090909091
2022,832,Carlos Sainz,6,Ferrari,22,1,9,228.0,4.7272727272727275,7.863636363636363,-3.1363636363636362,16,6,2,0.7272727272727273,0.2727272727272727,0.09090909090909091
2022,839,Esteban Ocon,214,Alpine F1 Team,22,0,0,89.0,11.238095238095237,8.863636363636363,2.4761904761904763,20,2,2,0.9090909090909091,0.09090909090909091,0.09090909090909091
2022,840,Lance Stroll,117,Aston Martin,22,0,0,18.0,14.904761904761905,12.045454545454545,2.761904761904762,19,3,1,0.8636363636363636,0.13636363636363635,0.045454545454545456
2022,842,Pierre Gasly,213,AlphaTauri,22,0,0,23.0,11.85,12.454545454545455,-0.8,19,3,2,0.8636363636363636,0.13636363636363635,0.09090909090909091
2022,844,Charles Leclerc,6,Ferrari,22,3,11,291.0,3.909090909090909,5.5,-1.5909090909090908,19,3,2,0.8636363636363636,0.13636363636363635,0.09090909090909091
2022,846,Lando Norris,1,McLaren,22,0,1,116.0,8.045454545454545,8.772727272727273,-0.7272727272727273,20,2,1,0.9090909090909091,0.09090909090909091,0.045454545454545456
2022,847,George Russell,131,Mercedes,22,1,8,262.0,5.714285714285714,5.0,1.1428571428571428,21,1,0,0.9545454545454546,0.045454545454545456,0.0
2022,848,Alexander Albon,3,Williams,21,0,0,4.0,15.619047619047619,13.904761904761905,1.7142857142857142,16,5,2,0.7619047619047619,0.23809523809523808,0.09523809523809523
2022,849,Nicholas Latifi,3,Williams,22,0,0,2.0,17.5,16.227272727272727,1.2727272727272727,17,5,0,0.7727272727272727,0.22727272727272727,0.0
2022,852,Yuki Tsunoda,213,AlphaTauri,22,0,0,12.0,13.45,14.590909090909092,-1.1,16,6,2,0.7272727272727273,0.2727272727272727,0.09090909090909091
2022,854,Mick Schumacher,210,Haas F1 Team,22,0,0,12.0,13.761904761904763,14.409090909090908,-0.38095238095238093,19,3,1,0.8636363636363636,0.13636363636363635,0.045454545454545456
2022,855,Guanyu Zhou,51,Alfa Romeo,22,0,0,6.0,14.0,14.318181818181818,-0.2857142857142857,17,5,2,0.7727272727272727,0.22727272727272727,0.09090909090909091
2022,856,Nyck de Vries,3,Williams,1,0,0,2.0,8.0,9.0,-1.0,1,0,0,1.0,0.0,0.0
2023,1,Lewis Hamilton,131,Mercedes,22,0,6,217.0,6.090909090909091,6.181818181818182,-0.09090909090909091,20,2,0,0.9090909090909091,0.09090909090909091,0.0
2023,4,Fernando Alonso,117,Aston Martin,22,0,8,198.0,6.333333333333333,6.636363636363637,0.14285714285714285,20,2,0,0.9090909090909091,0.09090909090909091,0.0
2023,807,Nico Hülkenberg,210,Haas F1 Team,22,0,0,6.0,11.210526315789474,14.545454545454545,-3.210526315789474,20,2,1,0.9090909090909091,0.09090909090909091,0.045454545454545456
2023,815,Sergio Pérez,9,Red Bull,22,2,9,260.0,8.2,5.863636363636363,2.5,20,2,0,0.9090909090909091,0.09090909090909091,0.0
2023,817,Daniel Ricciardo,213,AlphaTauri,7,0,0,6.0,13.714285714285714,12.714285714285714,1.0,7,0,0,1.0,0.0,0.0
2023,822,Valtteri Bottas,51,Alfa Romeo,22,0,0,10.0,13.619047619047619,13.954545454545455,-0.47619047619047616,19,3,2,0.8636363636363636,0.13636363636363635,0.09090909090909091
2023,825,Kevin Magnussen,210,Haas F1 Team,22,0,0,3.0,14.526315789473685,15.590909090909092,-1.0,17,5,1,0.7727272727272727,0.22727272727272727,0.045454545454545456
2023,830,Max Verstappen,9,Red Bull,22,19,21,530.0,3.1818181818181817,1.2727272727272727,1.9090909090909092,22,0,0,1.0,0.0,0.0
2023,832,Carlos Sainz,6,Ferrari,22,1,3,178.0,5.7727272727272725,7.5,-1.7272727272727273,19,3,2,0.8636363636363636,0.13636363636363635,0.09090909090909091
2023,839,Esteban Ocon,214,Alpine F1 Team,22,0,1,56.0,10.904761904761905,11.863636363636363,-0.8095238095238095,15,7,4,0.6818181818181818,0.3181818181818182,0.18181818181818182
2023,840,Lance Stroll,117,Aston Martin,22,0,0,68.0,11.68421052631579,11.181818181818182,1.0526315789473684,17,5,1,0.7727272727272727,0.22727272727272727,0.045454545454545456
2023,842,Pierre Gasly,214,Alpine F1 Team,22,0,1,54.0,11.136363636363637,10.681818181818182,0.45454545454545453,19,3,0,0.8636363636363636,0.13636363636363635,0.0
2023,844,Charles Leclerc,6,Ferrari,22,0,6,185.0,5.095238095238095,8.227272727272727,-2.5714285714285716,17,5,2,0.7727272727272727,0.22727272727272727,0.09090909090909091
2023,846,Lando Norris,1,McLaren,22,0,7,184.0,7.954545454545454,8.0,-0.045454545454545456,21,1,0,0.9545454545454546,0.045454545454545456,0.0
2023,847,George Russell,131,Mercedes,22,0,2,157.0,6.454545454545454,8.090909090909092,-1.6363636363636365,18,4,3,0.8181818181818182,0.18181818181818182,0.13636363636363635
2023,848,Alexander Albon,3,Williams,22,0,0,25.0,11.954545454545455,12.409090909090908,-0.45454545454545453,18,4,1,0.8181818181818182,0.18181818181818182,0.045454545454545456
2023,852,Yuki Tsunoda,213,AlphaTauri,22,0,0,14.0,13.818181818181818,13.181818181818182,0.6363636363636364,19,3,2,0.8636363636363636,0.13636363636363635,0.09090909090909091
2023,855,Guanyu Zhou,51,Alfa Romeo,22,0,0,6.0,15.476190476190476,14.045454545454545,1.3333333333333333,19,3,2,0.8636363636363636,0.13636363636363635,0.09090909090909091
2023,856,Nyck de Vries,213,AlphaTauri,10,0,0,0.0,16.22222222222222,15.9,0.4444444444444444,8,2,0,0.8,0.2,0.0
2023,857,Oscar Piastri,1,McLaren,22,0,2,82.0,9.636363636363637,10.909090909090908,-1.2727272727272727,19,3,2,0.8636363636363636,0.13636363636363635,0.09090909090909091
2023,858,Logan Sargeant,3,Williams,22,0,0,1.0,16.666666666666668,15.818181818181818,0.9047619047619048,15,7,3,0.6818181818181818,0.3181818181818182,0.13636363636363635
2023,859,Liam Lawson,213,AlphaTauri,5,0,0,2.0,13.8,12.2,1.6,5,0,0,1.0,0.0,0.0
2024,1,Lewis Hamilton,131,Mercedes,24,2,5,207.0,8.391304347826088,6.958333333333333,1.5217391304347827,22,2,1,0.9166666666666666,0.08333333333333333,0.041666666666666664
2024,4,Fernando Alonso,117,Aston Martin,24,0,0,70.0,9.416666666666666,10.166666666666666,-0.75,23,1,1,0.9583333333333334,0.041666666666666664,0.041666666666666664
2024,807,Nico Hülkenberg,210,Haas F1 Team,24,0,0,36.0,11.833333333333334,11.625,0.20833333333333334,21,3,0,0.875,0.125,0.0
2024,815,Sergio Pérez,9,Red Bull,24,0,4,138.0,8.91304347826087,9.625,-0.391304347826087,19,5,1,0.7916666666666666,0.20833333333333334,0.041666666666666664
2024,817,Daniel Ricciardo,215,RB F1 Team,18,0,0,7.0,13.11111111111111,13.38888888888889,-0.2777777777777778,16,2,1,0.8888888888888888,0.1111111111111111,0.05555555555555555
2024,822,Valtteri Bottas,15,Sauber,24,0,0,0.0,14.869565217391305,15.833333333333334,-1.0869565217391304,22,2,1,0.9166666666666666,0.08333333333333333,0.041666666666666664
2024,825,Kevin Magnussen,210,Haas F1 Team,22,0,0,14.0,14.380952380952381,13.363636363636363,1.2380952380952381,20,2,0,0.9090909090909091,0.09090909090909091,0.0
2024,830,Max Verstappen,9,Red Bull,24,9,14,399.0,3.5416666666666665,3.625,-0.08333333333333333,23,1,1,0.9583333333333334,0.041666666666666664,0.041666666666666664
2024,832,Carlos Sainz,6,Ferrari,23,2,9,262.0,5.045454545454546,5.695652173913044,-0.18181818181818182,20,3,1,0.8695652173913043,0.13043478260869565,0.043478260869565216
2024,839,Esteban Ocon,214,Alpine F1 Team,23,0,1,23.0,13.761904761904763,13.695652173913043,0.09523809523809523,21,2,0,0.9130434782608695,0.08695652173913043,0.0
2024,840,Lance Stroll,117,Aston Martin,24,0,0,24.0,12.666666666666666,13.375,-0.7083333333333334,20,4,1,0.8333333333333334,0.16666666666666666,0.041666666666666664
2024,842,Pierre Gasly,214,Alpine F1 Team,24,0,1,40.0,12.826086956521738,12.875,0.2608695652173913,20,4,4,0.8333333333333334,0.16666666666666666,0.16666666666666666
2024,844,Charles Leclerc,6,Ferrari,24,3,13,327.0,5.416666666666667,4.541666666666667,0.875,23,1,1,0.9583333333333334,0.041666666666666664,0.041666666666666664
2024,846,Lando Norris,1,McLaren,24,4,13,344.0,3.375,4.291666666666667,-0.9166666666666666,24,0,0,1.0,0.0,0.0
2024,847,George Russell,131,Mercedes,24,2,4,226.0,5.625,6.75,-1.125,21,3,0,0.875,0.125,0.0
2024,848,Alexander Albon,3,Williams,24,0,0,12.0,12.565217391304348,14.541666666666666,-1.826086956521739,17,7,3,0.7083333333333334,0.2916666666666667,0.125
2024,852,Yuki Tsunoda,215,RB F1 Team,24,0,0,29.0,11.083333333333334,13.166666666666666,-2.0833333333333335,20,4,3,0.8333333333333334,0.16666666666666666,0.125
2024,855,Guanyu Zhou,15,Sauber,24,0,0,4.0,17.47826086956522,15.5,1.9565217391304348,22,2,2,0.9166666666666666,0.08333333333333333,0.08333333333333333
2024,857,Oscar Piastri,1,McLaren,24,2,8,265.0,5.416666666666667,5.125,0.2916666666666667,24,0,0,1.0,0.0,0.0
2024,858,Logan Sargeant,3,Williams,14,0,0,0.0,17.142857142857142,17.142857142857142,0.0,12,2,0,0.8571428571428571,0.14285714285714285,0.0
2024,859,Liam Lawson,215,RB F1 Team,6,0,0,4.0,13.166666666666666,13.5,-0.3333333333333333,5,1,1,0.8333333333333334,0.16666666666666666,0.16666666666666666
2024,860,Oliver Bearman,6,Ferrari,1,0,0,6.0,11.0,7.0,4.0,1,0,0,1.0,0.0,0.0
2024,860,Oliver Bearman,210,Haas F1 Team,2,0,0,1.0,12.5,11.0,1.5,2,0,0,1.0,0.0,0.0
2024,861,Franco Colapinto,3,Williams,9,0,0,5.0,15.5,13.555555555555555,2.0,6,3,1,0.6666666666666666,0.3333333333333333,0.1111111111111111
2024,862,Jack Doohan,214,Alpine F1 Team,1,0,0,0.0,17.0,15.0,2.0,1,0,0,1.0,0.0,0.0
2025,1,Lewis Hamilton,6,Ferrari,24,0,0,135.0,9.043478260869565,8.5,0.6956521739130435,21,3,0,0.875,0.125,0.0
2025,4,Fernando Alonso,117,Aston Martin,24,0,0,51.0,10.304347826086957,11.875,-1.7826086956521738,19,5,4,0.7916666666666666,0.20833333333333334,0.16666666666666666
2025,807,Nico Hülkenberg,15,Sauber,24,0,1,51.0,14.869565217391305,12.791666666666666,2.391304347826087,20,4,1,0.8333333333333334,0.16666666666666666,0.041666666666666664
2025,830,Max Verstappen,9,Red Bull,24,8,15,389.0,3.608695652173913,3.6666666666666665,-0.17391304347826086,23,1,0,0.9583333333333334,0.041666666666666664,0.0
2025,832,Carlos Sainz,3,Williams,24,0,2,54.0,11.347826086956522,12.166666666666666,-1.2173913043478262,19,5,1,0.7916666666666666,0.20833333333333334,0.041666666666666664
2025,839,Esteban Ocon,210,Haas F1 Team,24,0,0,34.0,14.956521739130435,12.5,2.5652173913043477,23,1,1,0.9583333333333334,0.041666666666666664,0.041666666666666664
2025,840,Lance Stroll,117,Aston Martin,23,0,0,29.0,15.545454545454545,13.695652173913043,2.0,21,2,0,0.9130434782608695,0.08695652173913043,0.0
2025,842,Pierre Gasly,214,Alpine F1 Team,24,0,0,20.0,13.565217391304348,14.583333333333334,-0.9565217391304348,21,3,0,0.875,0.125,0.0
2025,844,Charles Leclerc,6,Ferrari,24,0,7,225.0,5.217391304347826,6.75,-1.4782608695652173,21,3,0,0.875,0.125,0.0
2025,846,Lando Norris,1,McLaren,24,7,18,394.0,3.0,4.25,-1.2608695652173914,21,3,1,0.875,0.125,0.041666666666666664
2025,847,George Russell,131,Mercedes,24,2,9,289.0,4.391304347826087,4.541666666666667,-0.08695652173913043,24,0,0,1.0,0.0,0.0
2025,848,Alexander Albon,3,Williams,24,0,0,70.0,12.695652173913043,11.041666666666666,1.6521739130434783,20,4,2,0.8333333333333334,0.16666666666666666,0.08333333333333333
2025,852,Yuki Tsunoda,9,Red Bull,22,0,0,21.0,13.19047619047619,12.454545454545455,0.6190476190476191,21,1,0,0.9545454545454546,0.045454545454545456,0.0
2025,852,Yuki Tsunoda,215,RB F1 Team,2,0,0,0.0,7.0,14.0,-7.0,2,0,0,1.0,0.0,0.0
2025,857,Oscar Piastri,1,McLaren,24,7,16,381.0,3.0869565217391304,4.208333333333333,-1.2173913043478262,22,2,0,0.9166666666666666,0.08333333333333333,0.0
2025,859,Liam Lawson,9,Red Bull,2,0,0,0.0,19.0,13.5,5.5,1,1,0,0.5,0.5,0.0
2025,859,Liam Lawson,215,RB F1 Team,22,0,0,38.0,11.714285714285714,12.727272727272727,-1.1904761904761905,18,4,1,0.8181818181818182,0.18181818181818182,0.045454545454545456
2025,860,Oliver Bearman,210,Haas F1 Team,24,0,0,39.0,14.26086956521739,11.791666666666666,2.782608695652174,21,3,2,0.875,0.125,0.08333333333333333
2025,861,Franco Colapinto,214,Alpine F1 Team,18,0,0,0.0,16.235294117647058,16.055555555555557,0.058823529411764705,17,1,1,0.9444444444444444,0.05555555555555555,0.05555555555555555
2025,862,Jack Doohan,214,Alpine F1 Team,6,0,0,0.0,15.5,16.333333333333332,-0.8333333333333334,4,2,0,0.6666666666666666,0.3333333333333333,0.0
2025,863,Andrea Kimi Antonelli,131,Mercedes,24,0,3,135.0,8.91304347826087,9.833333333333334,-1.1304347826086956,20,4,2,0.8333333333333334,0.16666666666666666,0.08333333333333333
2025,864,Gabriel Bortoleto,15,Sauber,24,0,0,19.0,14.0,14.25,-0.30434782608695654,19,5,1,0.7916666666666666,0.20833333333333334,0.041666666666666664
2025,865,Isack Hadjar,215,RB F1 Team,24,0,1,50.0,9.956521739130435,11.791666666666666,-1.565217391304348,21,3,1,0.875,0.125,0.041666666666666664
