season,circuit,event_name,driver,merge_tolerance_ms,xyz_coverage,telemetry_samples,position_delta_ms_median,position_delta_ms_p95,position_delta_ms_max
2025,Monaco,Monaco Grand Prix,NOR,200,0.9847328244274809,262,57.0,143.14999999999998,198.0
2025,Monaco,Monaco Grand Prix,LEC,200,0.9854014598540146,274,72.5,167.54999999999998,194.0
2025,Monaco,Monaco Grand Prix,PIA,200,0.988929889298893,271,67.0,153.0,194.0
2025,Great Britain,British Grand Prix,NOR,500,0.9970238095238095,336,65.0,166.0,466.0
2025,Great Britain,British Grand Prix,PIA,500,1.0,330,66.0,165.0,453.0
2025,Great Britain,British Grand Prix,HUL,500,1.0,335,67.0,186.3,453.0
2025,Italy,Italian Grand Prix,VER,200,0.9903225806451613,310,67.0,150.79999999999995,194.0
2025,Italy,Italian Grand Prix,NOR,200,0.9932203389830508,295,66.0,166.0,194.0
2025,Italy,Italian Grand Prix,PIA,200,0.9934640522875817,306,67.0,153.0,193.0
2025,Belgium,Belgian Grand Prix,PIA,500,1.0,386,62.5,163.0,422.0
2025,Belgium,Belgian Grand Prix,NOR,500,0.9974358974358974,390,63.0,183.0,457.0
2025,Belgium,Belgian Grand Prix,LEC,500,1.0,384,63.0,174.1999999999996,363.0
2025,Austria,Austrian Grand Prix,NOR,200,0.9838709677419355,248,55.0,153.85,194.0
2025,Austria,Austrian Grand Prix,PIA,200,0.9917695473251029,243,67.0,152.0,187.0
2025,Austria,Austrian Grand Prix,LEC,200,0.9846153846153847,260,54.0,153.25,188.0
