season,circuit,event_name,driver,driver_number,team,finish_position,lap_number,lap_time_seconds,max_speed_kmh,avg_speed_kmh,max_rpm,avg_rpm,avg_throttle_pct,braking_sample_pct,drs_active_sample_pct,max_distance_m,telemetry_samples
2025,Monaco,Monaco Grand Prix,NOR,4,McLaren,1.0,78.0,73.221,288.0,160.35496183206106,12004.0,9771.526717557252,50.400763358778626,25.572519083969464,0.0,3276.1052777777763,262
2025,Monaco,Monaco Grand Prix,LEC,16,Ferrari,2.0,36.0,74.055,285.0,160.76642335766422,12015.0,9796.025547445255,56.372262773722625,27.00729927007299,0.0,3269.966666666666,274
2025,Monaco,Monaco Grand Prix,PIA,81,McLaren,3.0,60.0,73.745,287.0,157.31734317343174,12325.0,9811.509225092252,48.76383763837639,28.413284132841326,0.0,3276.9250000000025,271
2025,Great Britain,British Grand Prix,NOR,4,McLaren,1.0,48.0,89.734,313.0,235.49404761904762,11968.0,10459.407738095239,67.99107142857143,15.476190476190476,0.0,5798.212222222219,336
2025,Great Britain,British Grand Prix,PIA,81,McLaren,2.0,51.0,89.337,317.0,234.11212121212122,12315.0,10474.824242424242,70.48484848484848,14.84848484848485,0.0,5812.122777777777,330
2025,Great Britain,British Grand Prix,HUL,27,Kick Sauber,3.0,51.0,90.933,309.0,230.9223880597015,12582.0,10504.585074626866,73.45373134328358,13.134328358208954,0.0,5829.409444444444,335
2025,Italy,Italian Grand Prix,VER,1,Red Bull Racing,1.0,52.0,81.003,339.0,253.05161290322582,12029.0,10746.706451612903,78.1258064516129,12.903225806451612,0.0,5741.299444444438,310
2025,Italy,Italian Grand Prix,NOR,4,McLaren,2.0,53.0,80.901,336.0,257.07457627118646,11857.0,10846.637288135593,79.28474576271186,11.525423728813559,0.0,5735.339166666664,295
2025,Italy,Italian Grand Prix,PIA,81,McLaren,3.0,47.0,81.245,333.0,253.69607843137254,11839.0,10678.614379084967,77.07516339869281,12.745098039215685,0.0,5755.519722222219,306
2025,Belgium,Belgian Grand Prix,PIA,81,McLaren,1.0,43.0,105.706,324.0,232.33160621761658,11828.0,10489.790155440414,71.02072538860104,12.435233160621761,0.0,6918.946111111118,386
2025,Belgium,Belgian Grand Prix,NOR,4,McLaren,2.0,42.0,105.257,324.0,236.44871794871796,12131.0,10558.735897435898,72.05384615384615,14.102564102564102,0.0,6928.799444444447,390
2025,Belgium,Belgian Grand Prix,LEC,16,Ferrari,3.0,40.0,106.174,326.0,235.29947916666666,11850.0,10291.416666666666,74.515625,15.625,0.0,6926.4230555555605,384
2025,Austria,Austrian Grand Prix,NOR,4,McLaren,1.0,61.0,68.272,307.0,226.08064516129033,11980.0,10656.157258064517,70.6975806451613,19.35483870967742,0.0,4287.427500000001,248
2025,Austria,Austrian Grand Prix,PIA,81,McLaren,2.0,59.0,67.924,319.0,225.0781893004115,12256.0,10491.275720164609,68.22222222222223,17.695473251028808,21.39917695473251,4286.687500000002,243
2025,Austria,Austrian Grand Prix,LEC,16,Ferrari,3.0,56.0,68.765,305.0,224.45,11928.0,10490.711538461539,73.64615384615385,17.307692307692307,0.0,4269.066388888891,260
