entity_type,entity_name,starts,cumulative_points,paper_reliability_score,finish_rate,dnf_rate,mechanical_dnf_rate
Driver,Lewis Hamilton,328,4699.5,1.0,0.9054878048780488,0.09451219512195122,0.04573170731707317
Driver,Nick Heidfeld,16,40.0,0.008511543781253324,0.75,0.25,0.0
Driver,Nico Rosberg,136,1519.0,0.323225875093095,0.8897058823529411,0.11029411764705882,0.058823529411764705
Driver,Fernando Alonso,288,1803.0,0.38365783593999364,0.8125,0.1875,0.12152777777777778
Driver,Heikki Kovalainen,60,0.0,0.0,0.8,0.2,0.15
Driver,Kimi Räikkönen,195,1294.0,0.2753484413235451,0.8717948717948718,0.1282051282051282,0.06666666666666667
Driver,Robert Kubica,42,137.0,0.029152037450792638,0.8809523809523809,0.11904761904761904,0.11904761904761904
Driver,Timo Glock,58,0.0,0.0,0.7241379310344828,0.27586206896551724,0.1724137931034483
Driver,Felipe Massa,155,847.0,0.18023193956803915,0.8709677419354839,0.12903225806451613,0.05161290322580645
Driver,Jarno Trulli,37,0.0,0.0,0.5945945945945946,0.40540540540540543,0.35135135135135137
Driver,Adrian Sutil,76,118.0,0.02510905415469731,0.75,0.25,0.10526315789473684
Driver,Mark Webber,77,878.0,0.18682838599851048,0.8701298701298701,0.12987012987012986,0.012987012987012988
Driver,Jenson Button,137,908.0,0.19321204383445048,0.8248175182481752,0.17518248175182483,0.12408759124087591
Driver,Sebastian Vettel,257,2973.0,0.6326204915416533,0.8754863813229572,0.1245136186770428,0.0622568093385214
Driver,Rubens Barrichello,38,51.0,0.010852218321097989,0.868421052631579,0.13157894736842105,0.10526315789473684
Driver,Vitantonio Liuzzi,37,21.0,0.004468560485157995,0.6756756756756757,0.32432432432432434,0.13513513513513514
Driver,Sakon Yamamoto,7,0.0,0.0,0.8571428571428571,0.14285714285714285,0.14285714285714285
Driver,Michael Schumacher,58,197.0,0.04191935312267262,0.7586206896551724,0.2413793103448276,0.1206896551724138
Driver,Christian Klien,3,0.0,0.0,0.6666666666666666,0.3333333333333333,0.3333333333333333
Driver,Pedro de la Rosa,35,6.0,0.0012767315671879987,0.6571428571428571,0.34285714285714286,0.2
Driver,Narain Karthikeyan,29,0.0,0.0,0.6896551724137931,0.3103448275862069,0.10344827586206896
Driver,Sébastien Buemi,38,23.0,0.004894137674220662,0.7105263157894737,0.2894736842105263,0.13157894736842105
Driver,Jaime Alguersuari,38,31.0,0.006596446430471327,0.8421052631578947,0.15789473684210525,0.07894736842105263
Driver,Romain Grosjean,174,391.0,0.08320034046175125,0.7183908045977011,0.28160919540229884,0.12643678160919541
Driver,Kamui Kobayashi,74,122.0,0.025960208532822642,0.6891891891891891,0.3108108108108108,0.17567567567567569
Driver,Nico Hülkenberg,254,614.0,0.13065219704223854,0.7992125984251969,0.20078740157480315,0.08267716535433071
Driver,Vitaly Petrov,58,64.0,0.01361847005000532,0.7758620689655172,0.22413793103448276,0.10344827586206896
Driver,Lucas di Grassi,19,0.0,0.0,0.5789473684210527,0.42105263157894735,0.3684210526315789
Driver,Bruno Senna,46,33.0,0.007022023619533993,0.6956521739130435,0.30434782608695654,0.17391304347826086
Driver,Karun Chandhok,11,0.0,0.0,0.6363636363636364,0.36363636363636365,0.18181818181818182
Driver,Pastor Maldonado,96,76.0,0.01617193318438132,0.6666666666666666,0.3333333333333333,0.19791666666666666
Driver,Paul di Resta,59,121.0,0.025747419938291306,0.8135593220338984,0.1864406779661017,0.06779661016949153
Driver,Sergio Pérez,283,1585.0,0.337269922332163,0.8551236749116607,0.14487632508833923,0.06007067137809187
Driver,Jérôme d'Ambrosio,20,0.0,0.0,0.85,0.15,0.1
Driver,Daniel Ricciardo,257,1320.0,0.2808809447813597,0.8443579766536965,0.1556420233463035,0.10894941634241245
Driver,Jean-Éric Vergne,58,51.0,0.010852218321097989,0.7586206896551724,0.2413793103448276,0.1896551724137931
Driver,Charles Pic,39,0.0,0.0,0.7692307692307693,0.23076923076923078,0.23076923076923078
Driver,Max Chilton,35,0.0,0.0,0.9142857142857143,0.08571428571428572,0.02857142857142857
Driver,Esteban Gutiérrez,59,6.0,0.0012767315671879987,0.7457627118644068,0.2542372881355932,0.15254237288135594
Driver,Valtteri Bottas,247,1788.0,0.3804660070220236,0.8785425101214575,0.1214574898785425,0.0728744939271255
Driver,Giedo van der Garde,19,0.0,0.0,0.7894736842105263,0.21052631578947367,0.05263157894736842
Driver,Jules Bianchi,34,2.0,0.00042557718906266625,0.7941176470588235,0.20588235294117646,0.11764705882352941
Driver,Kevin Magnussen,186,196.0,0.04170656452814129,0.8010752688172043,0.1989247311827957,0.08602150537634409
Driver,Daniil Kvyat,112,202.0,0.04298329609532929,0.7857142857142857,0.21428571428571427,0.13392857142857142
Driver,André Lotterer,1,0.0,0.0,0.0,1.0,1.0
Driver,Marcus Ericsson,97,18.0,0.003830194701563996,0.7525773195876289,0.24742268041237114,0.13402061855670103
Driver,Will Stevens,19,0.0,0.0,0.8421052631578947,0.15789473684210525,0.15789473684210525
Driver,Max Verstappen,233,3301.5,0.7025215448451962,0.8583690987124464,0.14163090128755365,0.07725321888412018
Driver,Felipe Nasr,40,29.0,0.00617086924140866,0.825,0.175,0.15
Driver,Carlos Sainz,232,1257.5,0.2675816576231514,0.8060344827586207,0.1939655172413793,0.09913793103448276
Driver,Roberto Merhi,13,0.0,0.0,0.9230769230769231,0.07692307692307693,0.07692307692307693
Driver,Alexander Rossi,5,0.0,0.0,1.0,0.0,0.0
Driver,Jolyon Palmer,37,9.0,0.001915097350781998,0.7027027027027027,0.2972972972972973,0.1891891891891892
Driver,Pascal Wehrlein,39,6.0,0.0012767315671879987,0.7948717948717948,0.20512820512820512,0.05128205128205128
Driver,Rio Haryanto,12,0.0,0.0,0.75,0.25,0.08333333333333333
Driver,Stoffel Vandoorne,42,26.0,0.005532503457814661,0.7857142857142857,0.21428571428571427,0.11904761904761904
Driver,Esteban Ocon,180,474.0,0.1008617938078519,0.8555555555555555,0.14444444444444443,0.08333333333333333
Driver,Lance Stroll,191,315.0,0.06702840727736993,0.8272251308900523,0.17277486910994763,0.06282722513089005
Driver,Antonio Giovinazzi,62,21.0,0.004468560485157995,0.8870967741935484,0.11290322580645161,0.03225806451612903
Driver,Pierre Gasly,178,446.0,0.09490371316097457,0.8426966292134831,0.15730337078651685,0.08426966292134831
Driver,Brendon Hartley,25,4.0,0.0008511543781253325,0.64,0.36,0.24
Driver,Charles Leclerc,173,1588.0,0.337908288115757,0.8439306358381503,0.15606936416184972,0.057803468208092484
Driver,Sergey Sirotkin,21,1.0,0.00021278859453133312,0.8571428571428571,0.14285714285714285,0.09523809523809523
Driver,Lando Norris,152,1344.0,0.2859878710501117,0.9078947368421053,0.09210526315789473,0.03289473684210526
Driver,George Russell,152,953.0,0.20278753058836047,0.868421052631579,0.13157894736842105,0.05921052631578947
Driver,Alexander Albon,129,308.0,0.0655388871156506,0.8217054263565892,0.17829457364341086,0.07751937984496124
Driver,Nicholas Latifi,61,9.0,0.001915097350781998,0.7868852459016393,0.21311475409836064,0.04918032786885246
Driver,Pietro Fittipaldi,2,0.0,0.0,1.0,0.0,0.0
Driver,Jack Aitken,1,0.0,0.0,1.0,0.0,0.0
Driver,Yuki Tsunoda,114,108.0,0.02298116820938398,0.8421052631578947,0.15789473684210525,0.08771929824561403
Driver,Nikita Mazepin,22,0.0,0.0,0.7272727272727273,0.2727272727272727,0.09090909090909091
Driver,Mick Schumacher,44,12.0,0.0025534631343759975,0.8636363636363636,0.13636363636363635,0.045454545454545456
Driver,Guanyu Zhou,68,16.0,0.00340461751250133,0.8529411764705882,0.14705882352941177,0.08823529411764706
Driver,Nyck de Vries,11,2.0,0.00042557718906266625,0.8181818181818182,0.18181818181818182,0.0
Driver,Oscar Piastri,70,728.0,0.15491009681881052,0.9285714285714286,0.07142857142857142,0.02857142857142857
Driver,Logan Sargeant,36,1.0,0.00021278859453133312,0.75,0.25,0.08333333333333333
Driver,Liam Lawson,35,44.0,0.009362698159378657,0.8285714285714286,0.17142857142857143,0.05714285714285714
Driver,Oliver Bearman,27,46.0,0.009788275348441323,0.8888888888888888,0.1111111111111111,0.07407407407407407
Driver,Franco Colapinto,27,5.0,0.0010639429726566655,0.8518518518518519,0.14814814814814814,0.07407407407407407
Driver,Jack Doohan,7,0.0,0.0,0.7142857142857143,0.2857142857142857,0.0
Driver,Andrea Kimi Antonelli,24,135.0,0.02872646026172997,0.8333333333333334,0.16666666666666666,0.08333333333333333
Driver,Gabriel Bortoleto,24,19.0,0.00404298329609533,0.7916666666666666,0.20833333333333334,0.041666666666666664
Driver,Isack Hadjar,24,50.0,0.010639429726566656,0.875,0.125,0.041666666666666664
Constructor,McLaren,658,4248.0,0.5299731769696213,0.8328267477203647,0.16717325227963525,0.10030395136778116
Constructor,Williams,657,1159.0,0.1445948474830017,0.8036529680365296,0.1963470319634703,0.091324200913242
Constructor,Renault,276,695.0,0.08670700517746865,0.7644927536231884,0.23550724637681159,0.13043478260869565
Constructor,Toro Rosso,396,444.0,0.055392676688915225,0.7651515151515151,0.23484848484848486,0.14898989898989898
Constructor,Ferrari,658,6454.5,0.8052523236229805,0.8738601823708206,0.12613981762917933,0.04711246200607903
Constructor,Red Bull,658,7826.5,0.9764206849229617,0.8632218844984803,0.13677811550151975,0.07446808510638298
Constructor,Force India,354,1085.0,0.1353627347015158,0.8248587570621468,0.1751412429378531,0.062146892655367235
Constructor,Sauber,450,436.0,0.05439461044226811,0.7666666666666667,0.23333333333333334,0.10666666666666667
Constructor,Alfa Romeo,208,147.0,0.01833946728214085,0.8653846153846154,0.1346153846153846,0.0673076923076923
Constructor,Aston Martin,227,572.0,0.07136173663526917,0.8546255506607929,0.14537444933920704,0.048458149779735685
Constructor,Mercedes,658,8015.5,1.0,0.8996960486322189,0.10030395136778116,0.05319148936170213
Constructor,HRT,116,0.0,0.0,0.6896551724137931,0.3103448275862069,0.1810344827586207
Constructor,Virgin,76,0.0,0.0,0.6710526315789473,0.32894736842105265,0.23684210526315788
Constructor,Lotus,76,0.0,0.0,0.6578947368421053,0.34210526315789475,0.27631578947368424
Constructor,Marussia,109,2.0,0.0002495165616617803,0.8440366972477065,0.1559633027522936,0.10091743119266056
Constructor,Caterham,112,0.0,0.0,0.7767857142857143,0.22321428571428573,0.17857142857142858
Constructor,Lotus F1,154,706.0,0.08807934626660845,0.7272727272727273,0.2727272727272727,0.13636363636363635
Constructor,Manor Marussia,78,1.0,0.00012475828083089016,0.8461538461538461,0.15384615384615385,0.08974358974358974
Constructor,Haas F1 Team,428,366.0,0.04566153078410579,0.8130841121495327,0.18691588785046728,0.08177570093457943
Constructor,Racing Point,76,283.0,0.03530659347514191,0.8289473684210527,0.17105263157894737,0.10526315789473684
Constructor,AlphaTauri,166,306.0,0.03817603393425239,0.8373493975903614,0.16265060240963855,0.08433734939759036
Constructor,Alpine F1 Team,228,518.0,0.0646247894704011,0.8464912280701754,0.15350877192982457,0.07456140350877193
Constructor,RB F1 Team,96,128.0,0.01596905994635394,0.8541666666666666,0.14583333333333334,0.07291666666666667
